-- MySQL dump 10.13  Distrib 8.0.40, for macos14 (arm64)
--
-- Host: localhost    Database: portfolio_management_dbt
-- ------------------------------------------------------
-- Server version	9.1.0

/*!40101 SET @OLD_CHARACTER_SET_CLIENT=@@CHARACTER_SET_CLIENT */;
/*!40101 SET @OLD_CHARACTER_SET_RESULTS=@@CHARACTER_SET_RESULTS */;
/*!40101 SET @OLD_COLLATION_CONNECTION=@@COLLATION_CONNECTION */;
/*!50503 SET NAMES utf8 */;
/*!40103 SET @OLD_TIME_ZONE=@@TIME_ZONE */;
/*!40103 SET TIME_ZONE='+00:00' */;
/*!40014 SET @OLD_UNIQUE_CHECKS=@@UNIQUE_CHECKS, UNIQUE_CHECKS=0 */;
/*!40014 SET @OLD_FOREIGN_KEY_CHECKS=@@FOREIGN_KEY_CHECKS, FOREIGN_KEY_CHECKS=0 */;
/*!40101 SET @OLD_SQL_MODE=@@SQL_MODE, SQL_MODE='NO_AUTO_VALUE_ON_ZERO' */;
/*!40111 SET @OLD_SQL_NOTES=@@SQL_NOTES, SQL_NOTES=0 */;

--
-- Table structure for table `Asset_Classes`
--

DROP TABLE IF EXISTS `Asset_Classes`;
/*!40101 SET @saved_cs_client     = @@character_set_client */;
/*!50503 SET character_set_client = utf8mb4 */;
CREATE TABLE `Asset_Classes` (
  `Class_ID` int NOT NULL AUTO_INCREMENT,
  `Class_Name` enum('Stock','Bond','Commodities') DEFAULT NULL,
  PRIMARY KEY (`Class_ID`)
) ENGINE=InnoDB AUTO_INCREMENT=4 DEFAULT CHARSET=utf8mb4 COLLATE=utf8mb4_0900_ai_ci;
/*!40101 SET character_set_client = @saved_cs_client */;

--
-- Dumping data for table `Asset_Classes`
--

LOCK TABLES `Asset_Classes` WRITE;
/*!40000 ALTER TABLE `Asset_Classes` DISABLE KEYS */;
INSERT INTO `Asset_Classes` VALUES (1,'Stock'),(2,'Bond'),(3,'Commodities');
/*!40000 ALTER TABLE `Asset_Classes` ENABLE KEYS */;
UNLOCK TABLES;

--
-- Table structure for table `Assets`
--

DROP TABLE IF EXISTS `Assets`;
/*!40101 SET @saved_cs_client     = @@character_set_client */;
/*!50503 SET character_set_client = utf8mb4 */;
CREATE TABLE `Assets` (
  `Asset_ID` int NOT NULL AUTO_INCREMENT,
  `Asset_Type` enum('Stock','Bond','Commodity') DEFAULT NULL,
  `Asset_Name` varchar(255) NOT NULL,
  PRIMARY KEY (`Asset_ID`)
) ENGINE=InnoDB AUTO_INCREMENT=151 DEFAULT CHARSET=utf8mb4 COLLATE=utf8mb4_0900_ai_ci;
/*!40101 SET character_set_client = @saved_cs_client */;

--
-- Dumping data for table `Assets`
--

LOCK TABLES `Assets` WRITE;
/*!40000 ALTER TABLE `Assets` DISABLE KEYS */;
INSERT INTO `Assets` VALUES (1,'Bond','Donnelly, Lind and Wiegand'),(2,'Commodity','Zulauf-Smith'),(3,'Stock','Bernhard Group'),(4,'Stock','Stokes LLC'),(5,'Bond','Walter and Sons'),(6,'Bond','Champlin, Ernser and Jakubowski'),(7,'Commodity','Corwin Inc'),(8,'Commodity','Gleichner, Schowalter and Kerluke'),(9,'Bond','Kris Group'),(10,'Commodity','Pollich-Feeney'),(11,'Bond','Shanahan Group'),(12,'Commodity','Hahn Group'),(13,'Commodity','O\'Conner-Gutmann'),(14,'Commodity','Robel-Heaney'),(15,'Bond','Langworth LLC'),(16,'Commodity','Gleichner-Oberbrunner'),(17,'Stock','Stokes-Bahringer'),(18,'Bond','Quitzon Group'),(19,'Commodity','Kuhn-McLaughlin'),(20,'Stock','Koch-Mayert'),(21,'Bond','Marquardt LLC'),(22,'Commodity','Klocko-Kunde'),(23,'Commodity','Cummerata-Marquardt'),(24,'Stock','Cummerata-Yost'),(25,'Bond','Watsica LLC'),(26,'Stock','Ondricka, Schulist and Rutherford'),(27,'Commodity','Torp LLC'),(28,'Stock','Botsford, Leffler and Schamberger'),(29,'Bond','Strosin-Schamberger'),(30,'Stock','Thiel-Stark'),(31,'Commodity','Johnston-Lemke'),(32,'Stock','Luettgen-Moore'),(33,'Bond','Simonis-Funk'),(34,'Bond','Gutkowski-Lubowitz'),(35,'Bond','Leuschke Group'),(36,'Bond','Cummings Inc'),(37,'Stock','Metz-Legros'),(38,'Commodity','Sanford Group'),(39,'Bond','Kshlerin, Streich and Dickens'),(40,'Commodity','Sawayn Inc'),(41,'Commodity','Nitzsche and Sons'),(42,'Bond','Rolfson and Sons'),(43,'Stock','Leuschke Group'),(44,'Bond','Crooks-Goldner'),(45,'Bond','O\'Reilly and Sons'),(46,'Bond','Turcotte, Krajcik and Schaden'),(47,'Stock','Abernathy Group'),(48,'Commodity','Rempel-Lesch'),(49,'Commodity','Rosenbaum-Crona'),(50,'Bond','Ankunding-Zemlak'),(51,'Commodity','Cremin, Wilderman and Beatty'),(52,'Bond','Wolff Inc'),(53,'Stock','Bailey LLC'),(54,'Stock','Becker-Mertz'),(55,'Stock','Hoppe-Jakubowski'),(56,'Commodity','Rippin-Green'),(57,'Stock','Zboncak-Predovic'),(58,'Commodity','Nicolas Group'),(59,'Bond','D\'Amore, Denesik and Tromp'),(60,'Stock','Simonis and Sons'),(61,'Bond','Mraz, Lueilwitz and Boyer'),(62,'Commodity','Kreiger-Leffler'),(63,'Commodity','McLaughlin-Zemlak'),(64,'Stock','Howell, Nader and Zulauf'),(65,'Commodity','Powlowski, Balistreri and Veum'),(66,'Commodity','Flatley and Sons'),(67,'Commodity','Hahn-Steuber'),(68,'Stock','Steuber LLC'),(69,'Commodity','Schowalter, Gutkowski and Crooks'),(70,'Bond','Cole and Sons'),(71,'Stock','Upton, Will and Hagenes'),(72,'Stock','Lowe, Gislason and Kub'),(73,'Bond','Jones, Haley and Crist'),(74,'Commodity','Cremin, O\'Conner and Franecki'),(75,'Stock','Miller, Waters and Lubowitz'),(76,'Commodity','Hills, Franecki and Kuhn'),(77,'Stock','Green-Kohler'),(78,'Stock','Howe, Graham and Wilderman'),(79,'Stock','Moore Inc'),(80,'Bond','Mitchell-Powlowski'),(81,'Stock','Berge, Dach and Powlowski'),(82,'Bond','Rolfson-Conroy'),(83,'Bond','Huel-Stroman'),(84,'Commodity','Franecki, Kassulke and Lindgren'),(85,'Commodity','Mann LLC'),(86,'Bond','Corwin LLC'),(87,'Bond','Barrows, Carroll and Marvin'),(88,'Bond','Romaguera-Jacobi'),(89,'Stock','Lemke-Collins'),(90,'Bond','Sauer-Windler'),(91,'Commodity','Kemmer LLC'),(92,'Stock','Mayert, Carter and Gottlieb'),(93,'Bond','VonRueden-Legros'),(94,'Stock','Abernathy Inc'),(95,'Stock','Considine LLC'),(96,'Bond','Wiegand LLC'),(97,'Stock','Bode-Strosin'),(98,'Stock','Botsford-Lubowitz'),(99,'Stock','Quigley Group'),(100,'Commodity','Braun LLC'),(101,'Commodity','Stanton, Frami and Fisher'),(102,'Bond','Larson Group'),(103,'Bond','Haley LLC'),(104,'Stock','Osinski, Koss and Morissette'),(105,'Bond','Wuckert, Aufderhar and Daniel'),(106,'Stock','Steuber and Sons'),(107,'Stock','McKenzie LLC'),(108,'Stock','Upton LLC'),(109,'Bond','Kub-Hirthe'),(110,'Stock','Koelpin Inc'),(111,'Commodity','Miller and Sons'),(112,'Stock','Ullrich-Boyer'),(113,'Stock','Trantow Group'),(114,'Bond','Windler-Strosin'),(115,'Bond','Jacobi-Ritchie'),(116,'Commodity','Doyle, Nikolaus and Hamill'),(117,'Bond','Watsica, Rippin and Bogisich'),(118,'Commodity','Ondricka-Schaden'),(119,'Commodity','Lang, Bergstrom and Kreiger'),(120,'Bond','Pfeffer, Stark and Rau'),(121,'Commodity','Heaney-Kilback'),(122,'Bond','Quitzon-Torp'),(123,'Stock','Jenkins LLC'),(124,'Stock','Schoen, Cormier and Bednar'),(125,'Bond','Halvorson and Sons'),(126,'Bond','Gerlach-Volkman'),(127,'Commodity','O\'Conner Group'),(128,'Commodity','Weber LLC'),(129,'Bond','Hayes Group'),(130,'Bond','Wuckert-Schroeder'),(131,'Commodity','Wiza, Mohr and Hoeger'),(132,'Stock','Weber Inc'),(133,'Commodity','Auer and Sons'),(134,'Stock','Rempel, Glover and McGlynn'),(135,'Commodity','Stoltenberg Inc'),(136,'Commodity','Runolfsdottir, Larkin and Stiedemann'),(137,'Bond','Walsh-Dicki'),(138,'Bond','Macejkovic Inc'),(139,'Commodity','Reynolds and Sons'),(140,'Stock','O\'Hara Group'),(141,'Stock','Hand and Sons'),(142,'Stock','O\'Kon, Balistreri and Schaden'),(143,'Commodity','Johns, Fritsch and Feeney'),(144,'Stock','Lynch-Goodwin'),(145,'Bond','Carter and Sons'),(146,'Commodity','Emard-Beatty'),(147,'Bond','Morissette and Sons'),(148,'Bond','Mueller-King'),(149,'Bond','Ward, Little and Roberts'),(150,'Stock','Corwin, Jacobson and Huel');
/*!40000 ALTER TABLE `Assets` ENABLE KEYS */;
UNLOCK TABLES;

--
-- Table structure for table `Investors`
--

DROP TABLE IF EXISTS `Investors`;
/*!40101 SET @saved_cs_client     = @@character_set_client */;
/*!50503 SET character_set_client = utf8mb4 */;
CREATE TABLE `Investors` (
  `Investor_ID` int NOT NULL AUTO_INCREMENT,
  `Name` varchar(255) NOT NULL,
  `Contact_Info` varchar(255) DEFAULT NULL,
  `Client_Since` date DEFAULT NULL,
  PRIMARY KEY (`Investor_ID`)
) ENGINE=InnoDB AUTO_INCREMENT=51 DEFAULT CHARSET=utf8mb4 COLLATE=utf8mb4_0900_ai_ci;
/*!40101 SET character_set_client = @saved_cs_client */;

--
-- Dumping data for table `Investors`
--

LOCK TABLES `Investors` WRITE;
/*!40000 ALTER TABLE `Investors` DISABLE KEYS */;
INSERT INTO `Investors` VALUES (1,'Tabor Tunmore','ttunmore0@xinhuanet.com','2022-11-28'),(2,'Selby Koles','skoles1@marriott.com','2024-11-29'),(3,'Denver Sille','dsille2@squidoo.com','2024-02-04'),(4,'Vita McMurty','vmcmurty3@vimeo.com','2023-03-20'),(5,'Anallise Birdwhistle','abirdwhistle4@mac.com','2022-12-16'),(6,'Nada Nayshe','nnayshe5@dagondesign.com','2021-06-29'),(7,'Massimo Lucey','mlucey6@booking.com','2020-11-22'),(8,'Faustine Chisnell','fchisnell7@tuttocitta.it','2021-11-11'),(9,'Jinny Judge','jjudge8@themeforest.net','2024-09-22'),(10,'Pasquale Cawt','pcawt9@booking.com','2020-08-09'),(11,'Dan Burchfield','dburchfielda@skyrock.com','2022-05-02'),(12,'Alie Bevar','abevarb@google.pl','2023-06-08'),(13,'Justis Maymand','jmaymandc@hao123.com','2023-09-23'),(14,'Enoch Hicklingbottom','ehicklingbottomd@marriott.com','2022-06-05'),(15,'Vernen Nitto','vnittoe@cargocollective.com','2023-04-10'),(16,'Montgomery Berthot','mberthotf@usnews.com','2020-08-07'),(17,'Wylie Klambt','wklambtg@sitemeter.com','2024-06-20'),(18,'Jerrold Cope','jcopeh@newsvine.com','2024-06-05'),(19,'Dietrich Spurret','dspurreti@1688.com','2024-07-19'),(20,'Charissa Roof','croofj@si.edu','2024-07-30'),(21,'Welby Gatlin','wgatlink@trellian.com','2022-09-25'),(22,'Jerad Stratiff','jstratiffl@linkedin.com','2021-11-12'),(23,'Elden Delea','edeleam@histats.com','2024-10-12'),(24,'Emelyne Lomis','elomisn@businessinsider.com','2021-10-23'),(25,'Constancia Delacour','cdelacouro@usatoday.com','2024-05-08'),(26,'Terence Gierck','tgierckp@blog.com','2021-12-06'),(27,'Leodora Kippin','lkippinq@ed.gov','2024-06-02'),(28,'Theodora Warton','twartonr@vinaora.com','2020-11-12'),(29,'Winni Blondin','wblondins@elegantthemes.com','2020-12-25'),(30,'Sonny Kinnett','skinnettt@uiuc.edu','2021-07-28'),(31,'Ronald Buscher','rbuscheru@opensource.org','2024-02-13'),(32,'Moll Bru','mbruv@rambler.ru','2020-12-18'),(33,'Rosco Medler','rmedlerw@japanpost.jp','2023-09-03'),(34,'Lynn Vance','lvancex@free.fr','2022-02-07'),(35,'Urbano Lambden','ulambdeny@newyorker.com','2023-03-23'),(36,'Midge Simchenko','msimchenkoz@arstechnica.com','2020-04-20'),(37,'De Dunbleton','ddunbleton10@1und1.de','2022-02-21'),(38,'Marylee Huckabe','mhuckabe11@homestead.com','2024-06-17'),(39,'Elroy Probey','eprobey12@time.com','2022-08-18'),(40,'Emmeline Blaszkiewicz','eblaszkiewicz13@walmart.com','2021-07-04'),(41,'Kerby Scattergood','kscattergood14@si.edu','2020-02-24'),(42,'Ivor Tingcomb','itingcomb15@bloomberg.com','2020-05-07'),(43,'Sisely Jzhakov','sjzhakov16@techcrunch.com','2023-05-26'),(44,'Deva Osmon','dosmon17@ow.ly','2021-12-22'),(45,'Avram Sutliff','asutliff18@timesonline.co.uk','2023-10-30'),(46,'Etan Painswick','epainswick19@wikimedia.org','2022-07-03'),(47,'Binnie Lamps','blamps1a@huffingtonpost.com','2020-06-14'),(48,'Nonna Seldon','nseldon1b@toplist.cz','2021-11-08'),(49,'Frayda McClure','fmcclure1c@reverbnation.com','2020-01-14'),(50,'Lamont Bernholt','lbernholt1d@mail.ru','2024-09-21');
/*!40000 ALTER TABLE `Investors` ENABLE KEYS */;
UNLOCK TABLES;

--
-- Table structure for table `Market_Data`
--

DROP TABLE IF EXISTS `Market_Data`;
/*!40101 SET @saved_cs_client     = @@character_set_client */;
/*!50503 SET character_set_client = utf8mb4 */;
CREATE TABLE `Market_Data` (
  `Data_ID` int NOT NULL AUTO_INCREMENT,
  `Asset_ID` int NOT NULL,
  `Date` date DEFAULT NULL,
  `Open_Price` decimal(10,2) DEFAULT NULL,
  `Close_Price` decimal(10,2) DEFAULT NULL,
  `High` decimal(10,2) DEFAULT NULL,
  `Low` decimal(10,2) DEFAULT NULL,
  `Volume` bigint DEFAULT NULL,
  PRIMARY KEY (`Data_ID`),
  KEY `Asset_ID` (`Asset_ID`),
  CONSTRAINT `market_data_ibfk_1` FOREIGN KEY (`Asset_ID`) REFERENCES `Assets` (`Asset_ID`)
) ENGINE=InnoDB AUTO_INCREMENT=751 DEFAULT CHARSET=utf8mb4 COLLATE=utf8mb4_0900_ai_ci;
/*!40101 SET character_set_client = @saved_cs_client */;

--
-- Dumping data for table `Market_Data`
--

LOCK TABLES `Market_Data` WRITE;
/*!40000 ALTER TABLE `Market_Data` DISABLE KEYS */;
INSERT INTO `Market_Data` VALUES (1,87,'2018-03-21',7070.96,6079.38,2522.56,4695.43,689),(2,104,'2022-07-04',4163.59,9301.07,6348.72,4914.60,500),(3,119,'2013-05-01',5949.47,4599.80,6844.89,8863.18,250),(4,148,'2008-05-09',4588.74,1000.17,4133.90,8960.29,786),(5,72,'2015-04-06',8390.55,2143.58,4896.96,4519.06,662),(6,73,'2000-12-27',8648.25,830.60,2544.19,7449.92,455),(7,110,'2016-05-20',7295.17,7326.56,9199.60,7022.34,550),(8,39,'2007-01-18',7794.18,9420.77,4299.76,2637.68,660),(9,60,'2018-04-08',5743.45,6469.47,3923.72,6765.35,584),(10,121,'2018-07-04',8476.90,3337.48,9867.87,7244.68,770),(11,7,'2022-04-16',3448.80,4848.94,8141.89,9341.82,28),(12,117,'2012-05-25',6032.45,6679.82,5017.07,7746.14,458),(13,85,'2011-03-13',5011.93,9239.08,6676.10,6868.91,32),(14,31,'2009-04-22',8430.02,1237.63,4738.07,7731.16,502),(15,2,'2007-10-03',8449.15,9240.02,6025.25,6199.39,793),(16,148,'2015-12-12',7004.29,4930.85,5966.05,2814.43,914),(17,4,'2005-03-07',9658.84,801.93,6522.26,3154.20,740),(18,67,'2017-03-23',9832.09,4352.58,7987.92,8954.95,243),(19,142,'2011-01-21',7110.61,1492.43,8066.96,9195.74,810),(20,61,'2003-06-14',3053.77,2291.67,7039.44,3141.83,627),(21,32,'2009-06-23',7206.30,7776.21,8083.98,6231.50,312),(22,84,'2019-04-22',4936.87,2930.02,9378.96,7508.33,68),(23,24,'2000-06-09',4385.80,2008.90,3986.46,9258.39,409),(24,28,'2017-11-07',8635.50,5226.68,8775.01,9277.85,193),(25,82,'2018-09-26',9182.95,1573.27,3811.74,8485.79,612),(26,84,'2003-10-20',9488.09,8169.15,3042.17,2967.96,911),(27,27,'2014-03-23',6694.69,2886.07,8590.32,3457.62,639),(28,147,'2024-03-04',7564.92,1842.42,7789.29,7851.00,491),(29,66,'2023-01-07',3338.01,3566.03,8048.29,7047.13,451),(30,121,'2018-01-24',8794.99,4626.49,9015.47,4668.83,525),(31,118,'2020-01-07',8189.68,7005.59,4172.24,4627.75,397),(32,16,'2007-03-19',8901.97,6038.74,6579.75,9485.12,640),(33,32,'2011-02-16',3091.76,6334.71,3340.29,6509.59,114),(34,119,'2006-10-09',7143.98,8134.61,2625.24,5298.76,937),(35,46,'2012-04-11',4880.78,2214.03,4902.76,5566.37,695),(36,138,'2008-03-27',3147.77,2608.38,3651.35,5695.78,420),(37,123,'2023-07-09',3310.32,5829.94,5024.94,5346.02,320),(38,89,'2018-12-20',9292.10,9987.49,6387.39,5960.79,606),(39,44,'2020-03-13',9706.04,3674.30,5717.29,6858.82,478),(40,19,'2013-02-24',5529.57,1016.75,4020.44,6474.20,631),(41,40,'2017-08-06',2564.89,9747.49,4652.37,2614.56,403),(42,85,'2003-05-15',8230.70,8263.95,7498.51,6673.53,388),(43,20,'2006-03-11',4624.37,4608.48,6286.68,5342.74,672),(44,108,'2021-04-30',6162.30,8778.43,3379.19,5765.15,810),(45,119,'2020-12-26',4442.51,8461.42,8027.04,5828.50,773),(46,48,'2020-06-04',7587.00,188.25,5999.33,9575.17,143),(47,66,'2022-02-04',9804.02,4782.01,3880.61,8912.23,257),(48,67,'2015-09-12',5489.37,6630.91,3542.50,8480.32,559),(49,31,'2007-06-16',2575.54,2993.16,5680.01,5873.64,841),(50,70,'2008-03-27',6828.72,2635.61,2650.21,7251.93,847),(51,131,'2016-11-01',4064.30,8669.78,2654.09,7690.94,858),(52,133,'2011-05-02',6335.69,8737.54,8534.95,2681.02,60),(53,30,'2009-01-16',8423.21,1487.87,7539.41,2680.47,460),(54,67,'2009-08-07',9350.55,4020.15,4755.87,5946.16,811),(55,28,'2017-07-27',3050.25,9449.93,8129.27,6486.09,261),(56,24,'2019-08-21',7320.17,4638.52,7655.35,3115.00,996),(57,112,'2008-08-18',9927.30,9912.50,9790.61,6455.51,162),(58,121,'2022-08-29',9151.20,3427.46,6070.35,3998.13,845),(59,118,'2004-05-02',9250.62,8479.58,3622.47,6661.08,84),(60,91,'2022-07-28',2576.41,7530.24,8396.05,9198.69,730),(61,106,'2022-05-18',5281.48,3.44,5239.23,5895.58,869),(62,23,'2007-09-04',5295.60,2672.43,9956.43,3994.48,143),(63,143,'2019-03-19',6829.45,4651.77,8358.32,6060.67,107),(64,125,'2001-12-20',4307.01,4685.04,9070.61,4386.84,937),(65,27,'2005-10-24',4688.89,5312.96,8051.37,9885.57,887),(66,147,'2021-10-05',9833.85,5453.15,4209.62,3627.98,328),(67,141,'2013-12-25',7108.32,1143.43,9166.52,3333.34,778),(68,64,'2006-10-13',4474.05,8248.13,8398.02,9494.74,743),(69,145,'2013-12-17',5345.78,2881.67,5469.22,4028.35,112),(70,33,'2021-08-22',6215.37,3906.53,3873.32,5461.94,349),(71,130,'2013-01-20',5435.75,1388.22,7952.41,5089.54,298),(72,106,'2015-12-03',9489.13,9347.65,9531.27,4442.32,481),(73,97,'2019-05-20',3083.88,7382.05,2606.39,6894.81,249),(74,135,'2022-09-15',4980.73,3536.58,9364.58,7945.66,736),(75,13,'2008-08-27',6337.59,136.69,3515.39,2871.48,755),(76,52,'2021-05-20',4594.42,1467.82,3375.08,6783.90,45),(77,88,'2008-07-06',9363.91,2022.32,8862.21,6481.93,764),(78,7,'2013-07-12',3020.90,7983.91,6079.08,9864.29,863),(79,71,'2018-12-13',4623.08,3073.19,9769.11,8332.97,555),(80,64,'2011-06-08',9780.38,730.37,6833.54,8225.34,759),(81,42,'2018-01-16',4780.95,3850.64,8755.68,5712.71,953),(82,103,'2021-05-28',7434.59,9861.72,5351.50,8000.74,778),(83,45,'2007-09-14',6000.93,3269.45,5123.22,5047.07,84),(84,28,'2004-04-05',5565.02,7174.94,7355.99,6845.40,995),(85,134,'2007-01-30',9808.49,7869.57,5031.36,6797.20,734),(86,114,'2002-08-14',6200.13,9413.87,2626.52,6755.24,764),(87,84,'2014-10-03',6257.01,3486.04,6404.23,7854.42,453),(88,96,'2001-09-06',7956.74,1953.02,7670.24,2597.39,3),(89,76,'2019-12-29',3120.06,5353.59,7617.15,7798.43,378),(90,92,'2015-11-24',5353.16,4523.35,6157.55,5225.23,995),(91,81,'2001-07-27',4806.91,2623.63,3876.96,7408.34,179),(92,147,'2023-12-26',3307.72,7699.97,5703.11,5103.45,481),(93,6,'2006-02-04',5560.27,3404.58,2734.74,6530.96,560),(94,23,'2017-12-05',7705.59,3316.22,6141.11,3194.73,465),(95,112,'2009-04-05',5896.48,4325.57,5267.16,5996.05,641),(96,37,'2017-10-29',9953.77,6184.18,4903.37,4852.45,37),(97,105,'2005-02-15',9951.79,3622.83,3179.78,6137.22,6),(98,101,'2007-02-10',7680.48,764.45,9781.03,9246.18,439),(99,39,'2013-12-20',3789.37,5557.59,4709.16,6228.51,346),(100,140,'2011-03-15',5167.44,512.05,3292.40,5461.35,458),(101,75,'2021-08-14',7668.68,4016.92,9835.18,7713.89,609),(102,45,'2010-09-23',7278.59,3938.26,7343.05,4869.45,482),(103,64,'2011-03-04',8676.45,9591.78,2821.52,7843.60,390),(104,111,'2014-09-20',6731.88,2538.80,7234.87,8336.87,197),(105,77,'2024-04-02',7754.68,8346.06,3414.37,4685.63,722),(106,149,'2003-02-03',7163.28,1604.80,9125.67,3511.63,11),(107,131,'2005-05-10',4539.86,5389.52,7570.09,7559.90,976),(108,141,'2005-02-24',6607.58,5935.92,5701.34,6160.10,508),(109,144,'2012-06-22',9797.66,7494.76,2555.03,8217.64,118),(110,77,'2015-05-08',6108.23,9177.11,6368.52,4023.33,68),(111,56,'2023-12-25',4764.97,970.38,8519.86,7739.23,83),(112,85,'2018-09-19',8230.30,9903.97,3000.31,9991.01,199),(113,32,'2012-07-09',7258.94,6398.79,9236.36,7237.44,68),(114,84,'2001-10-01',4104.32,3952.47,5418.45,5762.99,356),(115,38,'2018-09-14',4832.03,838.11,7583.30,6868.37,97),(116,34,'2019-10-08',3601.11,3904.19,6119.36,4801.90,880),(117,127,'2012-12-22',8491.01,5181.11,3041.91,9617.69,505),(118,32,'2018-09-29',3661.56,8650.01,2542.09,4820.95,901),(119,91,'2002-07-21',4062.27,4079.93,6507.71,7366.32,579),(120,76,'2004-07-09',7905.41,3911.65,2957.19,9411.56,283),(121,91,'2018-10-14',2887.70,2910.45,9006.79,8589.56,901),(122,18,'2021-05-21',6136.09,8089.80,4818.61,3848.75,847),(123,124,'2017-12-11',8834.91,4471.56,7165.46,7684.60,581),(124,48,'2008-12-12',4165.69,3405.09,4022.07,9772.93,529),(125,110,'2012-09-09',3745.68,2570.02,3802.83,4864.90,791),(126,143,'2000-04-23',5004.32,7099.90,3428.76,6195.93,249),(127,66,'2004-03-30',2538.03,5346.63,7691.23,7192.33,701),(128,16,'2013-01-03',4039.62,4477.11,3243.71,8847.64,184),(129,149,'2011-09-30',7404.19,9283.16,7704.14,8089.10,771),(130,24,'2013-10-20',8084.00,3589.60,4361.05,9210.26,805),(131,73,'2018-04-21',3113.54,826.81,9995.24,4223.63,91),(132,133,'2016-02-07',9790.05,1745.38,3447.01,4426.26,837),(133,64,'2015-11-15',8667.07,7489.24,4571.97,2512.50,545),(134,90,'2015-12-11',9546.54,8294.73,8719.21,2713.34,166),(135,120,'2012-04-11',4209.92,6551.25,6912.80,9250.57,154),(136,148,'2016-12-20',3956.31,43.68,5154.12,6377.67,125),(137,18,'2023-04-09',8147.16,7315.15,6763.94,4947.77,59),(138,39,'2008-08-06',8113.40,6330.53,5556.72,4227.95,836),(139,57,'2019-06-18',5119.85,8746.28,7115.39,9072.00,318),(140,27,'2016-10-06',8304.95,3911.10,8630.47,5191.53,898),(141,70,'2004-07-26',3809.11,3990.33,9511.53,4843.99,822),(142,69,'2004-06-30',5864.53,2426.65,7248.42,9888.88,471),(143,14,'2012-08-27',7186.27,36.56,6561.93,4455.74,478),(144,54,'2016-09-11',7238.30,3681.03,4036.07,7187.17,895),(145,82,'2020-08-17',9961.81,7370.15,7517.16,2769.59,529),(146,103,'2010-06-30',9354.72,96.33,3098.71,6497.72,9),(147,45,'2008-04-09',3585.89,3936.23,5753.79,6529.89,770),(148,119,'2008-03-06',6349.76,16.20,4081.22,5946.56,242),(149,54,'2011-10-29',4420.11,9654.56,2871.46,5966.30,695),(150,97,'2013-12-28',8309.78,9488.42,5801.87,6026.78,911),(151,92,'2014-05-16',2621.13,329.69,3440.16,8567.71,762),(152,149,'2011-11-09',3814.89,5120.08,5682.10,4218.03,140),(153,13,'2010-07-15',2818.92,3513.23,6457.24,8505.27,28),(154,51,'2020-04-12',2790.87,8921.43,9541.67,7849.26,842),(155,109,'2015-01-30',2637.74,4470.61,8867.57,8904.76,780),(156,79,'2014-10-19',7696.58,8609.34,5110.19,9743.61,65),(157,51,'2011-07-01',9295.24,5290.94,6339.14,4469.50,807),(158,68,'2011-06-24',8595.50,462.41,5317.21,6087.71,415),(159,32,'2014-07-16',5990.19,4787.70,4220.45,5065.73,990),(160,60,'2019-12-26',3924.23,4190.68,8924.09,5775.78,492),(161,120,'2016-08-07',5498.28,4250.32,8729.47,8860.27,914),(162,119,'2013-10-30',7855.81,8169.51,8960.26,9159.66,374),(163,130,'2004-09-02',5417.85,4830.49,3299.00,4787.36,206),(164,126,'2016-04-18',2921.60,8593.39,5460.19,6086.69,42),(165,89,'2014-04-30',3932.44,8638.79,3065.73,5241.02,61),(166,120,'2016-10-17',6402.79,9050.15,9076.92,7651.71,970),(167,19,'2020-09-15',8517.58,7580.99,9120.17,7883.59,204),(168,149,'2017-06-09',3269.71,2614.12,6581.27,6162.84,715),(169,125,'2011-09-29',3538.43,8465.12,5990.60,5724.87,773),(170,134,'2013-08-22',6878.21,5422.95,7114.41,3801.50,311),(171,26,'2023-08-11',8077.32,3484.37,6292.30,7832.96,465),(172,14,'2013-07-10',8802.87,2817.64,4358.01,3749.60,767),(173,121,'2016-04-18',2815.68,2709.71,9087.50,7348.60,620),(174,29,'2012-08-08',7972.26,270.60,8623.51,6071.53,99),(175,103,'2020-03-03',5282.49,2106.00,6010.60,3814.21,982),(176,116,'2014-06-10',8837.81,1700.59,5499.55,3152.57,686),(177,80,'2005-07-30',5323.42,9553.29,4651.88,9095.90,301),(178,41,'2014-04-13',3578.19,3268.24,9531.25,9242.06,5),(179,56,'2007-08-15',7330.90,9764.38,7425.49,3825.44,74),(180,96,'2012-11-29',7771.45,6495.30,8378.69,7412.87,559),(181,135,'2019-07-27',7031.74,506.93,7765.88,3204.16,41),(182,142,'2006-04-22',8275.89,3019.07,7592.67,3522.22,93),(183,102,'2008-05-18',6801.13,2302.03,8173.98,2914.70,813),(184,90,'2005-05-30',4170.92,2357.24,6102.79,7448.26,367),(185,82,'2000-10-04',7068.70,2057.14,4507.95,9565.82,739),(186,11,'2020-11-28',5335.60,72.96,7967.76,8932.72,840),(187,124,'2017-07-24',7843.96,2883.76,4170.66,8268.44,206),(188,134,'2014-10-16',8504.56,3725.10,6148.35,7811.90,315),(189,55,'2000-06-08',8326.74,4743.75,6355.21,7711.59,835),(190,9,'2004-12-13',9799.91,979.16,7350.88,5707.12,481),(191,127,'2021-11-29',9194.85,3318.90,6231.54,3752.98,38),(192,123,'2012-05-29',8679.47,9444.96,3209.79,3995.92,961),(193,113,'2014-03-02',7227.43,4173.69,6143.85,4303.17,715),(194,64,'2019-07-30',4964.31,8556.51,5569.03,4033.14,439),(195,23,'2013-04-24',8746.94,7817.16,4554.34,7209.10,62),(196,136,'2018-06-23',2695.84,7454.80,6030.16,7494.31,448),(197,85,'2001-08-11',5791.75,9769.22,5523.37,7890.65,409),(198,38,'2017-12-01',7485.65,8036.15,3694.58,3656.18,298),(199,85,'2016-05-05',3262.17,1811.55,7643.47,5907.62,863),(200,37,'2015-10-29',6719.07,4487.84,3734.80,6174.15,467),(201,101,'2013-02-23',5236.90,3877.99,6802.97,3555.64,147),(202,66,'2019-10-15',3323.85,9424.78,4821.12,9389.57,660),(203,77,'2018-06-14',9181.30,1225.17,8740.67,5394.94,714),(204,74,'2002-11-03',8554.61,3185.50,9399.66,8025.12,711),(205,104,'2011-12-01',9123.11,565.36,7155.75,3579.75,467),(206,112,'2020-10-13',4378.95,4825.86,2989.06,3132.69,666),(207,28,'2018-08-15',9240.14,7501.79,9473.41,4037.50,478),(208,32,'2004-01-04',7021.41,2501.79,5297.28,3890.51,744),(209,131,'2019-04-19',6850.42,2015.90,8423.76,8958.90,939),(210,121,'2000-03-15',2555.27,7927.09,8745.84,6031.40,669),(211,29,'2023-06-28',2952.14,5002.15,6855.47,5942.75,658),(212,137,'2014-10-22',4999.58,1677.93,9328.73,3949.36,571),(213,92,'2003-09-25',8442.16,5188.20,8744.33,8617.64,19),(214,90,'2007-03-13',5683.24,9871.68,8709.75,4094.12,369),(215,22,'2015-05-07',6159.11,7164.45,3647.60,4824.23,462),(216,5,'2000-01-18',2557.01,6328.31,9202.39,9860.12,971),(217,12,'2007-10-14',7078.79,5275.56,3973.26,2851.84,306),(218,16,'2020-12-24',7024.38,8543.42,6546.49,3919.28,429),(219,84,'2011-11-13',4178.98,7768.27,9890.54,6650.81,993),(220,85,'2000-03-17',6254.67,2919.04,5395.13,9984.17,875),(221,102,'2003-02-11',4311.19,8389.96,5457.81,7140.59,672),(222,49,'2015-11-06',7783.54,7617.07,5384.10,7419.11,187),(223,106,'2011-04-23',6000.70,8189.24,4109.74,3345.21,738),(224,60,'2000-05-20',7824.80,9839.40,9044.01,8257.20,633),(225,125,'2024-10-06',4153.36,4566.47,6311.34,9299.53,432),(226,11,'2014-08-18',8133.35,1006.30,7609.55,3902.49,218),(227,97,'2019-07-19',6145.21,760.86,3771.98,8510.76,404),(228,36,'2005-05-25',7556.83,4948.33,9051.91,4822.46,740),(229,13,'2024-01-19',5075.98,4332.21,5414.23,4415.78,754),(230,23,'2017-05-15',8856.26,3110.73,6429.47,8892.42,175),(231,93,'2009-05-25',8074.57,9214.50,4066.59,9552.39,709),(232,43,'2016-05-30',4190.51,149.60,6843.99,7918.94,149),(233,43,'2004-03-08',4609.88,1289.50,3408.30,3348.55,976),(234,34,'2018-11-11',6713.48,1183.04,6912.12,4905.27,27),(235,39,'2021-05-04',9691.41,20.71,3793.86,7354.25,522),(236,90,'2009-03-22',2991.93,845.67,3248.35,8140.03,870),(237,68,'2005-08-22',3496.83,9972.42,5048.75,7683.00,248),(238,51,'2004-05-06',8776.01,6216.91,3881.50,8793.31,573),(239,80,'2017-08-13',3431.55,4268.42,4467.65,9225.63,221),(240,17,'2011-07-14',5034.59,4349.69,9379.45,2591.69,851),(241,39,'2002-09-05',8681.96,9758.76,3892.91,5824.46,391),(242,61,'2020-03-08',7752.13,6393.93,9078.60,7681.61,216),(243,142,'2011-07-25',7993.74,3160.24,7740.23,4748.50,926),(244,83,'2010-01-16',5288.28,139.75,9378.73,8277.18,191),(245,99,'2014-11-02',7041.99,774.27,4149.85,6572.57,540),(246,65,'2020-11-26',5784.60,6577.21,3956.35,5865.86,104),(247,52,'2015-10-26',7661.99,4756.76,2974.36,9604.82,78),(248,38,'2010-03-25',6286.31,5796.31,9727.70,9072.73,98),(249,24,'2007-10-27',9590.34,8774.37,5316.38,6202.53,209),(250,115,'2005-03-24',6907.40,6230.84,6009.32,9124.34,377),(251,51,'2017-12-22',3318.88,2111.70,7969.93,5657.01,421),(252,10,'2008-03-09',4922.13,2556.95,3068.49,3643.11,164),(253,69,'2014-08-25',2714.33,2811.11,3592.50,9325.07,949),(254,13,'2020-10-04',3408.00,9825.62,6427.14,4134.20,629),(255,41,'2023-07-06',5764.55,879.48,8753.21,8657.85,992),(256,62,'2017-09-12',4430.50,2689.46,4398.23,6453.52,304),(257,104,'2007-02-19',8950.74,6317.97,5435.93,4809.10,252),(258,104,'2010-05-07',8777.78,2785.39,3364.30,2891.45,590),(259,56,'2021-04-13',7092.85,1293.97,5371.62,3513.51,201),(260,128,'2013-07-20',4575.53,6038.85,8906.51,4705.43,610),(261,118,'2013-03-19',5760.15,7675.61,2532.51,4816.96,129),(262,43,'2008-03-08',6830.49,5481.39,8782.57,4614.44,202),(263,124,'2024-03-04',4032.01,3325.95,2846.66,4369.06,376),(264,126,'2019-01-08',8976.31,106.30,4754.51,3441.71,872),(265,58,'2013-03-19',9722.68,7798.71,5413.97,7166.53,686),(266,20,'2006-05-11',2546.54,964.05,5944.59,2599.44,902),(267,41,'2019-11-11',9891.03,6743.67,4709.23,2618.97,666),(268,137,'2021-12-27',8992.13,8770.13,4870.30,7907.11,812),(269,11,'2012-01-19',9435.66,2629.17,9452.02,3171.53,273),(270,132,'2009-07-24',8617.26,6153.37,4777.05,5855.86,988),(271,16,'2007-06-02',3430.91,8240.18,6610.14,6382.66,664),(272,145,'2004-01-24',3755.54,1886.19,9577.23,6799.23,84),(273,39,'2015-10-21',5914.35,1569.56,3001.10,6609.29,950),(274,14,'2020-02-17',7775.34,9878.82,8393.96,9206.79,314),(275,4,'2018-06-28',8029.94,4207.22,6698.61,5876.14,300),(276,92,'2011-07-03',3981.57,2572.52,7256.37,4244.71,488),(277,79,'2020-01-01',8481.84,9991.29,5365.96,5948.03,684),(278,51,'2004-06-28',7767.65,3848.22,7784.38,7611.95,970),(279,61,'2014-06-26',6817.99,267.72,3811.64,8847.04,170),(280,74,'2005-06-30',5902.47,7954.47,7332.29,6292.00,528),(281,12,'2017-10-17',4513.58,5722.24,7098.53,5993.43,180),(282,102,'2002-04-15',3780.88,6729.84,8509.49,3059.58,497),(283,27,'2017-02-07',5293.15,7650.06,9775.56,7195.65,257),(284,100,'2020-02-17',5394.20,660.17,7829.79,6217.25,654),(285,93,'2013-05-09',7267.83,3749.10,5359.09,6955.49,178),(286,21,'2022-01-24',6295.50,2948.67,2593.80,4227.80,26),(287,61,'2024-03-19',3152.16,2900.08,8960.43,5589.23,113),(288,39,'2018-08-11',8370.09,4950.97,4955.23,4021.18,178),(289,63,'2006-09-23',2688.41,7477.37,7004.76,9685.44,666),(290,60,'2010-12-14',3975.79,7089.55,5032.03,3277.34,33),(291,146,'2004-09-19',6575.36,3766.45,2608.53,8637.32,683),(292,40,'2024-07-17',5179.51,5599.85,7732.30,8086.97,358),(293,30,'2013-10-21',6579.37,2173.95,4257.06,5427.18,422),(294,124,'2020-09-21',7896.21,9190.68,5509.08,2639.88,866),(295,115,'2002-09-01',4690.31,5853.40,5760.58,3560.73,583),(296,86,'2006-07-04',9117.08,2225.14,3444.15,9216.07,908),(297,39,'2003-10-25',8773.98,1296.25,7993.59,7692.02,83),(298,67,'2016-11-24',9857.22,9549.53,8020.43,5228.76,482),(299,144,'2005-01-21',3519.35,9879.00,7277.40,3051.78,429),(300,126,'2005-01-10',3161.11,3702.37,6907.86,3438.51,597),(301,118,'2004-06-05',8113.21,8323.92,2996.28,8546.29,618),(302,11,'2015-11-16',6352.03,6655.65,5588.19,2799.55,487),(303,47,'2003-04-18',8314.84,8462.77,7156.84,2539.55,100),(304,127,'2013-10-11',7543.87,6918.88,7001.02,4135.20,277),(305,47,'2024-04-21',9407.82,515.89,9780.30,7032.92,503),(306,129,'2022-05-16',6417.11,3728.21,7165.80,5041.25,697),(307,147,'2012-06-17',9124.60,3615.49,2535.99,6373.12,63),(308,17,'2023-03-10',9109.37,2596.99,4574.67,8393.08,324),(309,147,'2004-05-15',4840.91,5671.96,8559.04,4392.36,178),(310,16,'2002-10-28',3847.89,4773.00,9233.43,2646.69,209),(311,7,'2014-11-25',6356.18,182.18,6141.50,6575.50,799),(312,1,'2013-05-08',5498.49,5858.96,4760.32,5267.63,493),(313,146,'2017-09-19',6633.43,2093.76,9402.56,6007.91,559),(314,39,'2010-05-17',5348.30,4333.66,6644.07,9737.93,879),(315,64,'2010-04-12',3118.03,4480.24,3575.61,6135.30,305),(316,11,'2009-05-13',5400.18,3084.06,6630.75,4415.50,759),(317,34,'2010-01-29',9008.42,3363.70,9172.98,7796.67,473),(318,10,'2009-01-18',9315.28,1768.68,7627.99,2649.37,426),(319,61,'2005-01-03',6351.06,8363.27,3783.40,8036.40,42),(320,113,'2000-01-25',7382.83,1981.55,6349.70,6797.12,721),(321,16,'2020-01-16',3751.07,8583.87,3045.40,9026.81,787),(322,115,'2005-03-17',4728.68,73.18,7543.47,3768.43,651),(323,81,'2018-02-26',7047.13,8614.94,6372.83,5393.41,124),(324,24,'2012-11-20',4027.49,69.19,5463.83,4101.87,571),(325,79,'2011-07-23',9447.30,9897.53,2529.22,3202.85,530),(326,139,'2000-08-05',9516.84,4129.74,3953.78,8297.13,332),(327,4,'2011-07-13',3693.53,5515.88,9728.98,6554.79,166),(328,27,'2024-10-16',7828.57,3138.55,5651.57,8888.41,497),(329,54,'2000-08-19',3169.28,6001.53,3680.05,6975.38,689),(330,86,'2011-11-18',5308.46,5021.73,3544.68,7906.90,961),(331,132,'2021-12-21',5532.66,2899.83,4478.62,5999.96,651),(332,13,'2001-11-30',6705.27,904.65,2721.74,2901.18,151),(333,119,'2002-08-30',2710.37,5264.46,9955.48,5594.14,157),(334,14,'2001-09-25',4413.16,8959.47,7220.01,6322.63,124),(335,150,'2021-11-21',7297.81,2670.35,5978.68,8076.55,905),(336,72,'2023-12-09',4243.89,2511.93,3365.53,8704.79,247),(337,24,'2000-06-10',3536.94,8468.53,5997.31,2955.61,448),(338,145,'2020-01-24',9696.60,9789.04,4709.32,6156.91,682),(339,108,'2016-07-17',8148.37,683.01,6938.28,5654.90,989),(340,100,'2009-03-17',6107.76,7528.10,5584.83,7727.99,30),(341,52,'2013-05-04',4887.66,6070.69,9657.48,4862.25,746),(342,120,'2012-03-09',4563.54,5586.28,4637.95,7331.87,105),(343,8,'2013-04-03',5865.20,356.91,5454.94,3431.02,772),(344,27,'2007-02-19',7870.31,1563.97,3439.35,9503.17,760),(345,129,'2002-12-19',6283.48,4856.73,7773.70,5212.62,525),(346,126,'2013-04-05',2555.60,5763.79,5627.78,6106.33,217),(347,28,'2005-08-13',9148.19,7524.06,4853.79,5459.27,851),(348,90,'2014-06-04',3390.38,8234.80,4568.02,3619.10,311),(349,73,'2024-03-19',6630.94,8193.10,4122.87,7351.45,175),(350,64,'2019-09-26',6586.99,6437.55,4830.20,4327.82,332),(351,92,'2016-09-17',3563.11,6635.71,5527.79,7311.26,270),(352,23,'2014-05-04',5173.50,4608.59,6839.05,5385.80,478),(353,3,'2004-11-13',9607.75,1869.75,3245.79,8864.99,691),(354,77,'2021-09-08',6240.00,9247.19,4627.20,3795.68,542),(355,54,'2015-04-29',4684.87,2686.26,3609.34,6943.40,167),(356,58,'2016-12-12',8777.54,831.86,2767.44,7842.65,296),(357,58,'2024-02-02',2742.04,7163.71,6387.90,7663.35,27),(358,125,'2002-12-30',9735.67,7614.04,5002.82,9536.41,345),(359,144,'2009-12-10',9608.17,1111.98,5783.96,9329.85,865),(360,92,'2018-03-04',9892.10,8519.48,6412.55,7872.83,560),(361,6,'2000-06-26',9049.53,2736.07,3128.36,5588.47,707),(362,37,'2012-03-17',6581.39,5022.64,6418.51,9277.12,953),(363,132,'2012-06-03',8681.90,666.25,6155.25,8395.35,167),(364,117,'2006-09-01',7749.71,6227.18,4033.97,5368.64,862),(365,74,'2005-02-11',4736.84,9572.77,4016.38,7102.86,860),(366,74,'2010-08-17',9922.24,5532.81,5675.42,9607.47,671),(367,28,'2010-08-31',4705.22,7087.60,4435.04,4248.44,600),(368,77,'2012-10-01',4784.35,2212.18,6122.70,4449.06,715),(369,87,'2003-02-18',5320.62,806.23,3111.34,7682.69,235),(370,52,'2012-04-20',5705.18,3003.00,9399.25,7441.76,751),(371,60,'2002-12-31',2633.09,9892.73,6941.19,3477.74,453),(372,140,'2019-10-12',4508.63,2036.10,5275.70,5223.63,699),(373,110,'2012-02-26',4088.03,9995.33,6809.59,2599.72,409),(374,39,'2019-05-27',6218.90,3471.52,5881.76,2747.66,612),(375,133,'2017-08-02',5221.28,1449.41,5159.95,9725.93,109),(376,55,'2001-04-27',6527.53,4828.20,6864.84,8127.86,258),(377,30,'2000-06-15',7294.69,8162.32,7825.51,8103.94,241),(378,66,'2002-07-17',4239.84,3314.07,7628.13,6055.68,332),(379,94,'2001-07-31',3085.20,396.90,9591.49,5271.89,888),(380,43,'2019-05-01',5725.86,1628.07,6578.14,5822.85,950),(381,71,'2003-05-18',5633.07,4135.37,7602.20,8193.16,383),(382,129,'2004-10-25',7159.61,9596.31,3214.70,6453.24,509),(383,7,'2010-08-29',9890.38,2745.13,6554.71,3127.45,687),(384,83,'2007-06-24',7935.89,1842.88,5402.07,8491.42,951),(385,66,'2013-03-28',9541.95,3647.55,3280.69,9095.48,671),(386,139,'2007-05-09',4095.68,7044.13,8678.33,3586.31,488),(387,46,'2021-08-14',4843.62,9793.52,4778.44,3687.74,691),(388,41,'2015-10-24',9123.65,5970.17,9955.24,4059.87,488),(389,6,'2001-02-07',3052.87,7078.83,4446.64,7385.37,134),(390,47,'2007-05-21',4950.07,9725.17,9115.79,9816.49,22),(391,109,'2000-01-09',9698.94,331.47,4244.39,6493.28,760),(392,76,'2023-10-25',2782.39,7147.20,4102.22,4066.21,671),(393,95,'2023-01-07',7317.10,1453.42,4830.18,5220.76,649),(394,97,'2005-08-12',4819.84,5333.18,9771.66,6257.05,62),(395,89,'2015-07-18',9960.43,1070.56,8949.39,3535.82,144),(396,2,'2000-12-18',7503.57,1465.17,2690.41,2804.30,905),(397,93,'2011-07-30',3055.31,2699.89,8600.10,4563.63,176),(398,84,'2017-01-02',9345.19,4584.61,2778.96,8747.56,56),(399,73,'2002-12-17',8753.19,8626.83,6973.76,6009.65,694),(400,87,'2016-10-12',5131.78,7720.35,5817.08,2691.81,283),(401,140,'2020-07-18',9389.86,7149.06,7192.02,9307.48,385),(402,61,'2001-06-12',5221.45,8219.80,7912.18,8539.88,10),(403,46,'2017-07-08',8723.74,2469.13,8010.41,3119.44,732),(404,132,'2014-08-03',7673.65,3545.99,6668.68,7440.03,438),(405,34,'2000-06-30',6976.59,3620.10,3013.48,4904.35,596),(406,118,'2012-12-28',7554.03,1803.86,3439.93,4595.65,30),(407,51,'2018-02-25',3793.97,5869.10,8107.78,4547.93,533),(408,8,'2008-11-14',3179.97,7880.45,5140.01,3330.17,738),(409,80,'2002-12-26',8797.74,1941.95,7643.93,9768.19,612),(410,47,'2011-04-28',8560.81,7726.16,6705.82,2583.68,201),(411,69,'2015-08-24',7886.84,5492.05,6997.65,8941.01,178),(412,80,'2010-11-11',4626.14,70.99,7414.81,3920.66,78),(413,102,'2013-11-22',8006.73,5226.21,7856.87,4608.93,670),(414,73,'2016-09-26',9971.98,6571.25,7438.76,6442.43,547),(415,87,'2014-04-13',6621.37,8145.19,9051.66,5328.43,216),(416,126,'2023-09-29',5739.76,3613.55,9702.87,5317.83,86),(417,1,'2010-03-21',7705.07,8319.10,4443.76,9805.97,879),(418,27,'2001-08-20',3071.45,6694.85,7556.96,6290.34,961),(419,83,'2013-09-30',3690.82,8079.96,4305.92,8790.82,608),(420,59,'2015-03-11',9278.62,1566.37,3237.54,8554.12,929),(421,127,'2008-02-14',7128.27,5340.99,3774.53,4274.63,720),(422,142,'2013-06-19',6192.88,4449.70,4177.71,7904.51,55),(423,139,'2005-03-12',4775.94,5388.59,3861.62,7076.58,615),(424,2,'2021-11-09',7765.67,7961.29,3845.11,2711.96,202),(425,29,'2015-04-11',2806.56,9271.60,3233.52,6443.00,14),(426,38,'2023-06-27',7720.58,6082.82,9688.55,5955.16,183),(427,77,'2020-03-22',8969.11,7869.25,8903.39,2843.66,87),(428,14,'2009-04-29',9764.22,7775.40,8450.51,2655.33,143),(429,61,'2013-11-25',9846.18,7335.34,6323.95,7476.02,593),(430,2,'2008-02-26',4662.33,2702.51,7924.14,4087.50,806),(431,143,'2003-01-25',9011.82,2848.59,3004.43,6299.68,180),(432,19,'2015-10-12',4864.64,2263.44,9419.32,8017.70,1),(433,98,'2000-07-04',4169.90,2190.84,8508.88,5259.77,280),(434,66,'2015-10-12',2793.51,9705.12,4183.39,4924.20,105),(435,142,'2012-08-05',4031.21,8771.81,6642.55,7007.93,778),(436,93,'2000-09-21',3407.35,7655.09,9829.11,4366.03,413),(437,2,'2004-10-26',9870.07,4959.27,7509.71,9760.44,36),(438,75,'2007-01-03',9989.27,8691.02,7396.50,7987.85,854),(439,15,'2007-10-29',8345.87,3443.57,6900.98,5018.04,717),(440,22,'2016-07-14',7894.83,8873.30,6088.08,8803.48,412),(441,4,'2024-12-01',8962.12,9371.03,3634.84,2616.12,40),(442,78,'2020-05-31',3684.00,8856.50,9847.25,4892.15,910),(443,53,'2017-09-05',8346.20,1025.95,7008.26,4383.04,401),(444,81,'2018-09-15',6924.78,976.28,2632.19,5677.33,681),(445,88,'2014-03-11',9513.04,4944.83,8085.66,7384.05,565),(446,26,'2018-07-06',9412.00,7638.79,8930.81,5664.17,703),(447,43,'2005-08-13',6491.73,5048.93,3797.53,5575.55,911),(448,98,'2021-01-04',4931.69,9587.22,7477.33,9635.75,833),(449,120,'2001-05-07',5648.75,712.22,6281.33,7240.90,323),(450,54,'2015-06-02',6418.62,2475.12,7011.90,7841.25,475),(451,91,'2012-12-01',9372.25,3708.30,3720.55,4826.95,553),(452,150,'2019-05-08',6929.58,2135.86,7582.03,5142.65,553),(453,2,'2024-02-07',4301.23,4555.98,4880.42,7472.02,833),(454,147,'2015-11-14',4626.37,6423.97,5443.57,9327.98,246),(455,8,'2005-03-07',9102.45,5019.13,4227.12,8571.30,358),(456,89,'2012-06-21',9834.87,3453.71,8838.75,6146.44,174),(457,37,'2011-05-21',5508.71,6096.21,2735.87,6565.52,150),(458,55,'2008-06-23',9369.71,1659.55,6732.41,4420.60,879),(459,112,'2012-08-16',6846.63,276.40,8166.85,8639.92,726),(460,94,'2000-06-26',7189.03,4693.60,3261.31,2828.87,79),(461,30,'2023-01-07',3820.71,6314.71,6060.35,7013.88,956),(462,115,'2005-08-05',9108.94,9370.15,8733.92,8833.81,814),(463,41,'2023-10-15',8697.18,649.55,2604.99,9101.58,221),(464,55,'2016-10-28',5633.43,6612.12,5589.09,8376.90,705),(465,135,'2011-01-21',7406.27,7975.04,5614.60,3491.91,979),(466,134,'2016-03-04',7346.07,6023.82,8971.08,5741.72,257),(467,106,'2007-12-24',7518.44,6497.87,9603.48,2656.86,138),(468,143,'2000-07-16',4999.96,1812.56,7034.40,5632.18,674),(469,6,'2019-08-01',8465.17,6700.79,7644.53,2605.93,109),(470,11,'2005-09-16',3587.78,9260.38,9173.64,9894.05,397),(471,140,'2012-06-09',7033.40,787.65,3786.59,8632.57,224),(472,78,'2012-04-23',9046.75,1826.64,4925.95,9076.86,581),(473,22,'2003-12-31',3699.40,5384.25,8642.51,8022.49,578),(474,136,'2002-09-08',2761.38,7094.71,4555.14,7306.77,563),(475,145,'2000-10-03',9491.80,9270.78,4501.95,3895.13,812),(476,43,'2012-07-19',6414.74,8316.83,3820.36,3928.64,278),(477,83,'2000-06-17',7870.02,4348.65,8572.46,3296.19,832),(478,64,'2011-06-07',2938.45,3885.41,7990.21,5989.96,681),(479,63,'2014-05-24',6944.52,9.06,7625.84,6932.12,248),(480,2,'2008-11-29',7337.63,3770.70,5923.85,5126.81,730),(481,132,'2008-08-17',3028.18,8935.32,4426.12,2589.55,521),(482,62,'2003-04-10',7852.48,2444.75,4340.63,5502.24,732),(483,15,'2008-12-09',6940.50,171.95,9301.05,5948.94,272),(484,70,'2002-11-16',4587.09,4788.75,8365.69,4094.66,905),(485,53,'2004-03-27',9482.66,9895.43,3474.15,6234.43,449),(486,140,'2007-02-24',5716.08,7631.04,6770.45,7546.73,408),(487,68,'2010-12-09',6572.33,9826.57,4724.09,6053.48,956),(488,126,'2020-01-05',8469.58,471.20,9411.78,7112.03,467),(489,67,'2010-12-26',9839.82,5233.11,3193.40,5026.07,411),(490,34,'2006-04-08',2797.15,6093.98,4591.97,9661.67,617),(491,36,'2014-02-19',7164.05,1817.10,4603.63,8542.46,647),(492,149,'2003-09-18',6022.40,9316.08,4625.68,6985.42,794),(493,51,'2015-07-07',2588.37,7644.99,6646.91,5886.12,839),(494,6,'2007-09-29',6851.61,8988.82,4829.01,4905.69,220),(495,15,'2010-04-05',6004.79,2489.98,6036.51,8906.61,550),(496,31,'2009-08-15',2686.92,7654.06,4286.69,9296.97,950),(497,113,'2001-01-01',7136.73,8513.20,9151.08,9727.53,621),(498,134,'2013-10-27',6036.88,8113.44,5812.64,7197.05,879),(499,42,'2020-03-18',5390.83,4651.95,3164.46,6619.70,601),(500,15,'2006-10-14',7006.49,6093.67,7279.91,5777.26,68),(501,27,'2012-07-13',6391.39,5997.74,2964.81,8076.84,169),(502,19,'2009-08-25',4912.72,1886.96,9542.25,8501.79,505),(503,88,'2006-08-19',3603.91,269.52,3584.76,4741.34,690),(504,143,'2009-05-20',5554.36,4756.95,6635.94,5890.97,573),(505,44,'2008-05-16',2977.08,5464.74,7494.91,5655.67,942),(506,82,'2009-04-07',4930.31,638.87,7940.62,9184.26,521),(507,4,'2022-03-19',3654.27,3885.81,6781.41,3357.97,243),(508,112,'2011-07-08',8426.26,8559.55,8641.90,9850.06,384),(509,5,'2023-01-04',2896.64,9727.36,9152.09,9974.04,174),(510,143,'2021-12-15',5616.99,6604.55,6659.84,5446.78,326),(511,132,'2017-03-26',8703.47,6122.83,5477.87,2770.43,527),(512,84,'2009-11-02',8354.23,1292.18,3743.48,7341.70,157),(513,105,'2003-04-04',8133.81,3076.18,9773.63,4339.85,980),(514,81,'2022-01-14',4936.72,667.17,7901.22,3860.51,351),(515,77,'2001-10-27',4377.65,3715.34,6958.08,6913.68,889),(516,80,'2005-08-02',4015.85,3166.33,7586.12,4576.07,619),(517,34,'2000-08-19',6690.08,1108.21,5622.69,3087.16,416),(518,63,'2016-05-18',8343.66,3924.32,6961.20,4346.16,241),(519,90,'2023-07-02',3314.55,4847.86,2836.39,8994.41,431),(520,32,'2013-01-30',4969.08,9950.43,6799.07,2606.73,303),(521,22,'2009-07-16',3282.49,7570.51,9316.99,6553.39,398),(522,2,'2020-05-10',4528.42,7830.92,3148.47,8942.93,367),(523,39,'2021-03-30',4759.47,4570.90,6950.04,2762.92,689),(524,148,'2019-11-02',4235.22,3840.85,8967.49,6755.31,573),(525,147,'2009-07-07',6202.51,2393.79,5499.51,2590.80,672),(526,87,'2016-09-13',7639.14,1070.70,7867.45,4634.21,587),(527,30,'2008-05-22',7837.47,3482.39,6730.57,9697.58,343),(528,70,'2014-01-05',2634.67,5970.33,9544.47,6709.09,742),(529,110,'2008-08-07',5656.32,4412.65,8779.02,7106.22,877),(530,139,'2013-11-08',8008.33,3671.06,8006.76,8599.27,647),(531,130,'2024-01-31',2649.58,1067.04,8788.52,6240.59,464),(532,79,'2010-08-29',7625.22,3985.12,8136.66,7165.92,822),(533,120,'2014-07-07',7809.38,6060.23,3348.29,5119.41,465),(534,94,'2015-03-09',9374.70,6000.06,7936.05,5216.27,77),(535,22,'2004-01-13',5526.51,8556.80,8924.71,9706.12,351),(536,102,'2005-12-26',6058.08,2566.15,5453.15,4036.93,951),(537,7,'2004-10-26',8543.77,5493.26,5183.90,6595.55,367),(538,7,'2004-03-16',6979.36,7178.70,5060.35,6160.95,258),(539,131,'2005-07-21',2867.03,5500.29,6733.26,9856.33,583),(540,14,'2023-03-23',9618.27,5559.62,9791.86,8608.06,345),(541,60,'2004-10-16',5520.66,2292.15,9787.11,6868.15,660),(542,66,'2017-10-28',6765.01,6220.40,7866.83,9436.68,994),(543,73,'2001-04-26',5725.88,4169.49,4927.74,3777.73,13),(544,88,'2015-05-13',8040.14,2047.87,8264.20,9805.08,539),(545,139,'2002-10-10',2602.99,8591.89,3023.86,7399.52,518),(546,87,'2017-01-04',9409.87,657.98,9418.39,4184.28,749),(547,60,'2021-01-17',7150.71,2249.93,6689.64,5942.98,124),(548,14,'2005-04-08',5425.10,6909.38,8370.37,8844.73,769),(549,9,'2013-12-20',2832.09,1740.41,4927.35,8823.70,669),(550,114,'2016-06-25',2576.64,8813.91,3139.62,4545.88,600),(551,108,'2012-09-30',8529.36,1091.35,5025.11,7267.46,478),(552,45,'2011-02-22',6571.01,3481.16,3631.37,6222.01,424),(553,108,'2024-02-16',8048.39,9065.07,5008.02,5616.27,521),(554,26,'2005-07-11',4166.20,6356.71,8970.35,2928.14,258),(555,88,'2010-01-31',6568.21,70.13,4649.28,3069.24,954),(556,106,'2010-12-08',7540.15,183.01,8149.01,6223.55,983),(557,125,'2011-05-15',5469.02,5239.13,4094.99,7864.49,904),(558,11,'2012-05-02',8731.04,1134.60,7899.99,7794.95,776),(559,104,'2003-01-10',4715.85,7539.58,3378.30,6203.53,638),(560,3,'2001-10-27',5957.72,3114.75,8430.39,9652.79,527),(561,109,'2003-10-22',9120.24,5759.73,6363.63,7936.66,255),(562,68,'2020-11-03',9652.80,689.52,5611.68,2793.64,41),(563,132,'2014-03-17',3564.10,2508.95,9843.36,5995.91,104),(564,24,'2009-03-31',2573.10,5223.42,5488.77,8093.31,626),(565,4,'2023-07-28',5300.00,904.01,4846.83,3256.34,250),(566,57,'2010-08-20',4193.23,3887.55,9577.98,3337.44,47),(567,72,'2017-12-02',8846.73,7705.88,3509.92,6287.48,953),(568,148,'2010-09-12',5662.10,3330.04,4200.68,3132.15,384),(569,95,'2015-08-06',4890.59,892.85,9348.30,4909.31,22),(570,101,'2015-12-01',6732.08,531.01,4659.55,3758.05,211),(571,56,'2006-08-11',8656.84,4891.81,2612.49,8473.03,393),(572,134,'2021-09-10',3978.17,8152.76,7083.38,3254.24,676),(573,59,'2022-10-08',6830.18,2152.70,6665.54,2981.49,268),(574,5,'2005-12-04',7760.90,1462.40,9472.17,7480.10,695),(575,13,'2009-06-05',9247.75,7748.49,3854.87,5131.88,477),(576,142,'2013-05-02',4320.69,9253.76,9427.94,9787.09,567),(577,117,'2010-05-01',4434.53,3969.81,2826.40,3547.99,906),(578,20,'2017-05-20',3133.37,5214.64,7501.18,8757.00,16),(579,118,'2013-02-10',4144.65,6137.36,6325.01,7101.44,252),(580,58,'2012-06-30',5533.92,6162.59,8484.29,2942.57,536),(581,90,'2001-03-26',4819.31,1126.32,8075.53,5559.47,812),(582,40,'2012-07-10',5720.98,1641.68,9334.64,3815.84,42),(583,3,'2017-07-20',5336.97,5816.36,3944.89,9228.30,695),(584,91,'2020-06-09',7812.19,3219.30,3922.11,6644.26,372),(585,61,'2011-07-07',3124.48,68.19,6207.34,3253.88,279),(586,114,'2007-07-12',6961.85,6392.81,6801.21,8024.37,195),(587,12,'2017-05-08',5753.07,9292.14,2929.15,5122.47,334),(588,112,'2008-07-28',8767.61,6710.79,6210.48,6664.70,872),(589,11,'2002-10-04',4000.37,8593.68,6944.05,5533.29,581),(590,40,'2002-11-30',9622.74,87.85,7173.00,7876.56,219),(591,133,'2017-08-16',5181.15,8221.97,2777.23,5682.20,728),(592,42,'2021-01-01',3666.23,4738.51,5606.98,8903.69,781),(593,50,'2002-07-25',2866.34,3502.25,4410.31,4281.25,906),(594,134,'2022-10-01',2989.93,8404.90,6023.76,4104.65,939),(595,110,'2013-02-04',8319.50,4046.87,3730.54,4818.14,259),(596,5,'2000-11-27',8197.95,9900.51,5005.77,5539.49,437),(597,102,'2009-11-19',6752.15,5052.59,9331.33,7213.02,652),(598,103,'2018-05-27',4908.76,8487.26,6065.01,3667.02,510),(599,55,'2020-01-29',6680.53,3308.36,4803.55,5993.94,385),(600,147,'2002-10-25',8399.27,6159.79,3354.76,2824.14,443),(601,70,'2016-11-28',9556.27,7086.87,4031.17,9978.91,874),(602,103,'2003-02-03',7778.29,5680.02,9064.23,7282.48,492),(603,47,'2020-06-27',9276.10,7653.29,2952.69,7686.10,580),(604,121,'2010-07-31',4366.62,916.26,5275.28,9547.38,459),(605,106,'2004-07-14',8679.18,478.82,4738.00,6695.56,864),(606,57,'2009-09-30',4526.23,6304.52,7808.32,3474.54,345),(607,82,'2012-11-27',6388.46,5723.31,8462.18,7510.12,528),(608,150,'2018-05-05',2569.67,1071.66,5832.48,6656.20,800),(609,40,'2017-04-03',6822.04,8221.76,8786.54,9248.72,652),(610,105,'2005-08-20',9124.04,5678.75,7915.69,9923.31,700),(611,139,'2006-01-30',5983.45,9900.70,7547.93,7346.86,181),(612,117,'2015-12-16',7255.21,1069.13,5169.28,4592.93,919),(613,19,'2007-12-17',6173.79,5127.63,4974.62,4012.07,114),(614,126,'2020-07-12',4603.05,5723.55,7609.79,4565.53,853),(615,20,'2004-07-20',2782.19,5737.99,7361.33,4792.34,119),(616,126,'2015-05-19',6018.60,3913.39,7274.40,3786.52,31),(617,59,'2001-05-12',9163.52,3195.74,8844.28,7730.46,492),(618,71,'2024-10-21',4868.54,8051.40,6077.58,7161.90,669),(619,45,'2006-05-23',3095.52,1095.04,9138.98,2884.10,946),(620,140,'2003-08-06',3929.98,9379.77,7918.60,6422.29,842),(621,125,'2002-12-12',5614.32,8166.94,6224.63,2606.22,637),(622,67,'2003-07-15',6741.69,1952.39,7069.13,7316.01,890),(623,57,'2000-05-02',3485.91,3717.71,3879.39,6101.14,533),(624,11,'2016-09-05',5095.77,3840.96,6296.41,9103.48,77),(625,140,'2013-02-12',8331.92,1841.48,7355.45,9792.86,669),(626,31,'2020-05-22',8992.98,4322.85,4246.47,4765.56,11),(627,82,'2022-11-23',6124.03,1345.14,8735.47,9521.77,435),(628,43,'2014-05-24',7188.42,417.49,4812.70,5410.79,446),(629,120,'2016-05-19',6683.70,1622.64,4405.60,9936.62,898),(630,81,'2005-02-22',9141.33,5599.94,5881.75,9138.52,957),(631,47,'2007-04-02',4339.95,1685.02,6746.57,6830.83,734),(632,134,'2003-03-08',5140.16,2185.65,9191.98,2593.48,825),(633,117,'2024-04-21',7160.27,115.15,3928.76,5760.20,480),(634,49,'2004-08-02',8246.13,962.71,9089.90,4567.61,111),(635,87,'2011-05-15',7486.73,5804.07,3205.12,4411.37,237),(636,123,'2023-09-07',2768.39,1426.37,2590.81,9575.45,334),(637,113,'2014-06-21',8717.42,3531.43,5634.34,7172.68,70),(638,143,'2011-02-03',9815.16,6727.78,9021.68,7032.41,508),(639,77,'2022-03-26',2933.21,8993.66,8849.04,2900.03,415),(640,143,'2016-09-09',6462.30,5925.74,8015.33,9970.20,570),(641,5,'2016-01-08',2839.29,9872.13,8548.89,8118.55,954),(642,54,'2005-12-16',7039.42,1953.74,4584.32,3047.20,394),(643,139,'2017-09-16',3365.91,4348.21,3177.11,8241.22,293),(644,145,'2006-02-17',6524.95,8234.73,8829.30,4748.38,271),(645,123,'2003-03-07',2808.84,969.40,6217.87,6275.73,429),(646,2,'2021-12-27',5551.49,9670.20,8975.75,7892.11,80),(647,84,'2012-11-26',4275.35,8299.91,5490.98,8668.94,712),(648,6,'2013-05-10',9834.72,3213.78,3949.36,4124.53,998),(649,2,'2016-08-01',9251.10,7029.71,8881.55,5516.45,94),(650,5,'2017-04-18',9680.91,1991.99,3537.04,8184.04,511),(651,93,'2002-02-11',3083.40,2471.25,8209.65,8416.06,323),(652,66,'2021-09-18',2739.84,8673.34,8368.59,4994.25,689),(653,47,'2014-09-10',9764.66,2081.75,8412.96,3724.69,187),(654,77,'2010-05-25',9129.04,8702.61,4785.60,5082.60,176),(655,51,'2009-07-02',8339.49,8564.12,3456.79,8931.36,341),(656,59,'2010-05-24',8390.99,4833.61,3922.83,8207.89,306),(657,17,'2018-09-01',7761.20,6146.34,6071.35,7391.44,616),(658,142,'2011-11-19',5993.58,8814.62,2678.88,8153.31,26),(659,58,'2012-09-27',2559.69,7204.01,4519.34,2698.11,926),(660,120,'2007-04-10',5744.47,2288.15,5729.28,2777.97,619),(661,83,'2017-03-28',3151.91,3965.84,3752.79,2745.08,413),(662,105,'2005-05-23',5684.61,5761.63,7232.94,5642.35,670),(663,116,'2002-10-21',4588.24,2626.93,3345.14,9729.87,99),(664,147,'2024-03-01',7311.24,2691.22,3878.37,5493.25,888),(665,40,'2007-07-18',6672.20,5321.74,2857.90,9966.17,268),(666,88,'2006-05-31',4738.55,7579.92,8924.22,2966.46,917),(667,136,'2009-09-22',8843.53,2486.62,7961.64,4525.06,540),(668,117,'2000-03-16',5686.91,6631.94,7702.20,8573.96,728),(669,70,'2004-05-10',4506.92,4548.92,6844.06,7185.30,125),(670,15,'2020-12-11',7926.28,7269.43,6218.23,3178.16,337),(671,144,'2008-06-05',4721.18,3234.54,6553.56,4137.43,123),(672,138,'2024-02-25',8392.88,1906.68,3716.18,5571.92,434),(673,19,'2002-09-23',2850.74,5826.52,5685.09,2816.64,214),(674,111,'2006-02-05',3137.59,9406.21,6322.61,8049.22,718),(675,94,'2017-05-12',6175.13,5227.86,9615.76,4081.53,59),(676,15,'2001-12-08',7679.90,4116.00,4980.55,6899.97,886),(677,19,'2022-01-29',8679.49,4089.62,7342.23,4933.10,869),(678,19,'2019-03-07',5559.65,6943.34,8691.60,3457.36,302),(679,57,'2002-11-02',8079.00,2721.00,7240.28,7899.76,400),(680,137,'2008-04-23',6639.39,9467.14,7923.10,5664.67,254),(681,136,'2007-10-17',2545.63,8283.04,9156.79,9757.09,948),(682,75,'2009-02-28',6938.57,5258.76,7793.64,7294.67,130),(683,144,'2011-11-04',8225.36,2878.46,8288.55,3842.76,342),(684,79,'2002-12-01',8638.99,680.26,7081.30,7404.38,349),(685,112,'2006-12-09',9540.89,8941.19,7368.85,3615.96,255),(686,7,'2021-07-06',6607.59,3747.46,7667.58,8106.27,35),(687,90,'2024-06-24',2960.97,7635.20,9159.28,3934.78,189),(688,5,'2001-01-14',2561.60,2905.33,3150.59,4862.16,771),(689,14,'2001-08-11',3380.61,8935.99,9325.59,7186.57,745),(690,119,'2015-01-04',7763.01,7141.11,8035.22,8333.50,452),(691,105,'2014-11-13',8825.11,6039.86,8464.92,6919.39,941),(692,122,'2021-08-29',5268.17,8765.71,2863.03,4602.83,344),(693,39,'2022-03-20',4021.88,1966.69,3791.14,4443.89,568),(694,65,'2018-02-02',9669.16,9289.37,8327.64,5610.00,114),(695,27,'2015-02-11',7767.55,2703.84,3982.18,2785.82,423),(696,141,'2016-07-31',8331.53,7545.64,9124.47,9691.27,849),(697,68,'2024-11-15',6730.87,6947.03,3856.16,9769.27,101),(698,29,'2022-04-02',3891.62,1090.24,9258.44,8152.23,938),(699,111,'2010-03-05',6007.39,7484.23,6626.85,7591.71,278),(700,13,'2005-05-30',3246.40,9028.83,2745.11,3229.35,596),(701,112,'2001-08-20',4589.16,1331.31,7807.49,3936.93,445),(702,91,'2010-05-15',3850.34,5066.99,3316.14,2958.33,668),(703,68,'2017-08-21',9520.45,8259.94,9227.70,5953.64,896),(704,71,'2010-02-24',2593.28,221.60,5598.87,9738.04,421),(705,34,'2019-02-23',9515.74,7756.28,5668.42,6897.52,325),(706,100,'2016-07-26',5987.55,3525.18,8661.24,8601.98,298),(707,121,'2001-07-16',2608.92,1925.63,5113.53,4491.86,749),(708,82,'2000-05-28',2911.43,4711.01,4410.47,9007.20,889),(709,58,'2019-07-29',5867.58,8595.73,6817.56,3129.54,913),(710,47,'2021-02-10',2716.69,7296.29,2727.51,2632.05,397),(711,114,'2000-07-15',2749.04,831.54,8407.38,4484.10,667),(712,107,'2018-08-01',8955.53,7696.16,6957.94,3614.12,166),(713,11,'2011-06-15',9570.94,226.16,8243.27,3692.93,249),(714,43,'2004-02-11',6853.49,100.13,4436.93,6060.82,438),(715,127,'2018-04-06',7438.17,4763.98,8442.57,5003.81,396),(716,29,'2013-06-29',4191.08,5178.66,4778.56,5968.00,741),(717,45,'2013-03-17',7312.48,6322.99,7468.68,2714.12,708),(718,41,'2000-09-24',6722.12,9096.18,7827.70,7289.03,681),(719,41,'2007-05-10',8223.43,7170.42,3167.92,4111.19,783),(720,46,'2006-08-26',8215.40,9685.05,5205.25,9920.90,453),(721,74,'2008-06-20',6256.58,5570.44,4889.28,6702.12,631),(722,10,'2000-05-09',3126.47,911.66,5090.48,2505.56,206),(723,2,'2003-06-11',8704.96,6109.44,7478.70,2967.10,154),(724,146,'2013-04-09',9634.60,2925.61,9557.75,9231.90,414),(725,131,'2000-07-20',2952.87,4038.77,2879.31,7038.50,189),(726,78,'2004-12-16',3162.93,6877.04,8448.27,2814.60,372),(727,68,'2008-12-01',6134.09,8214.86,6724.37,7413.69,134),(728,23,'2017-02-10',5308.80,9532.23,2736.86,7411.13,74),(729,133,'2005-10-13',4164.63,4332.43,5466.46,8803.50,191),(730,25,'2000-10-06',3630.15,180.36,4710.29,9634.27,403),(731,67,'2018-02-06',5020.31,222.78,9355.23,4862.05,949),(732,41,'2005-07-12',3140.07,8720.78,5795.53,8835.47,318),(733,93,'2009-06-01',6936.70,6421.98,4210.95,8421.97,530),(734,129,'2010-04-14',5287.11,3269.25,3334.95,7833.26,902),(735,112,'2010-02-07',4427.93,4826.16,4316.06,7211.16,345),(736,116,'2004-05-28',9493.05,8064.63,5545.35,9295.16,103),(737,118,'2005-12-20',6756.11,3630.87,2723.21,4097.94,478),(738,87,'2003-12-01',4899.38,1695.12,7431.44,3205.56,37),(739,69,'2014-01-20',5915.78,194.95,7988.83,2638.98,416),(740,97,'2016-02-11',7465.81,1737.41,8523.61,8605.91,93),(741,99,'2023-06-28',4408.05,3176.17,9312.96,5930.21,908),(742,27,'2008-02-26',7765.31,7246.55,9391.06,7293.57,275),(743,9,'2003-05-18',8677.69,8951.87,7181.81,7462.14,122),(744,68,'2008-08-04',5491.15,5139.56,9827.30,4093.77,910),(745,29,'2013-06-22',3054.54,7020.04,4199.28,9995.98,983),(746,130,'2000-05-22',5851.64,1293.90,6332.26,7162.13,832),(747,90,'2021-06-06',8942.59,9055.81,5389.93,6789.91,256),(748,73,'2018-07-13',5448.05,9396.86,9835.05,6826.05,85),(749,23,'2022-01-07',4586.82,109.61,8648.58,8560.34,415),(750,91,'2010-08-06',9208.46,3409.21,3400.72,3424.35,923);
/*!40000 ALTER TABLE `Market_Data` ENABLE KEYS */;
UNLOCK TABLES;

--
-- Table structure for table `Performance_Metrics`
--

DROP TABLE IF EXISTS `Performance_Metrics`;
/*!40101 SET @saved_cs_client     = @@character_set_client */;
/*!50503 SET character_set_client = utf8mb4 */;
CREATE TABLE `Performance_Metrics` (
  `Metric_ID` int NOT NULL AUTO_INCREMENT,
  `Portfolio_ID` int NOT NULL,
  `Date` date DEFAULT NULL,
  `ROI` decimal(10,2) DEFAULT NULL,
  `Volatility` decimal(10,2) DEFAULT NULL,
  PRIMARY KEY (`Metric_ID`),
  KEY `Portfolio_ID` (`Portfolio_ID`),
  CONSTRAINT `performance_metrics_ibfk_1` FOREIGN KEY (`Portfolio_ID`) REFERENCES `Portfolios` (`Portfolio_ID`)
) ENGINE=InnoDB AUTO_INCREMENT=601 DEFAULT CHARSET=utf8mb4 COLLATE=utf8mb4_0900_ai_ci;
/*!40101 SET character_set_client = @saved_cs_client */;

--
-- Dumping data for table `Performance_Metrics`
--

LOCK TABLES `Performance_Metrics` WRITE;
/*!40000 ALTER TABLE `Performance_Metrics` DISABLE KEYS */;
INSERT INTO `Performance_Metrics` VALUES (1,45,'2023-09-12',95.90,19.95),(2,43,'2024-09-04',108.20,30.61),(3,48,'2024-01-30',25.40,30.54),(4,13,'2024-04-16',4.30,11.72),(5,22,'2022-10-20',47.20,32.95),(6,5,'2022-02-20',65.70,15.59),(7,41,'2024-10-13',3.50,28.65),(8,33,'2022-03-15',107.10,12.59),(9,49,'2022-04-15',59.20,18.57),(10,24,'2022-09-26',73.00,29.05),(11,6,'2022-03-12',134.30,32.31),(12,12,'2024-05-06',70.70,24.82),(13,31,'2024-09-09',33.30,32.24),(14,46,'2022-01-30',12.30,30.08),(15,32,'2022-09-23',112.00,27.72),(16,19,'2024-11-15',127.80,31.28),(17,39,'2022-08-06',127.40,18.16),(18,32,'2022-02-03',68.10,18.43),(19,28,'2024-04-27',125.40,17.69),(20,15,'2023-07-06',5.10,23.61),(21,3,'2022-03-08',135.40,17.78),(22,39,'2023-08-06',147.80,27.26),(23,36,'2023-09-13',93.10,30.28),(24,11,'2024-07-19',119.40,9.84),(25,36,'2024-04-08',80.60,19.68),(26,6,'2024-08-13',140.10,13.11),(27,41,'2022-01-27',51.20,20.36),(28,35,'2023-02-03',31.10,29.70),(29,30,'2023-03-21',143.60,16.38),(30,50,'2024-01-22',92.10,9.29),(31,12,'2022-06-16',142.30,16.00),(32,7,'2023-12-10',108.40,16.15),(33,11,'2024-02-02',9.20,17.73),(34,4,'2024-06-01',31.70,19.18),(35,8,'2023-06-27',90.00,5.89),(36,31,'2024-05-15',56.80,9.52),(37,18,'2024-11-18',16.00,7.92),(38,40,'2024-09-14',52.50,6.43),(39,36,'2022-05-03',143.60,24.96),(40,43,'2024-02-03',20.30,7.18),(41,29,'2023-01-31',90.60,31.15),(42,34,'2022-03-15',20.10,30.14),(43,2,'2022-02-19',105.10,34.23),(44,35,'2024-02-06',130.90,20.52),(45,21,'2023-11-20',96.00,30.98),(46,7,'2023-11-03',3.40,33.23),(47,23,'2024-05-10',81.80,34.85),(48,13,'2022-12-06',77.30,14.63),(49,34,'2023-01-24',72.20,23.03),(50,43,'2023-11-03',102.50,28.18),(51,24,'2022-07-11',18.80,24.65),(52,31,'2024-04-24',137.90,34.27),(53,30,'2022-04-12',45.80,17.18),(54,23,'2023-08-24',124.90,17.09),(55,39,'2024-11-07',84.60,29.55),(56,44,'2022-03-31',111.00,13.36),(57,5,'2022-07-28',133.90,32.62),(58,38,'2024-05-17',43.40,12.42),(59,7,'2024-01-24',100.50,25.25),(60,29,'2022-09-11',127.40,33.49),(61,35,'2023-10-05',141.90,30.55),(62,43,'2023-03-15',99.00,7.13),(63,36,'2023-01-25',10.50,30.00),(64,18,'2023-01-20',144.60,8.74),(65,23,'2022-05-06',53.10,22.90),(66,15,'2024-05-12',72.40,33.46),(67,47,'2023-04-22',33.80,33.76),(68,15,'2024-06-25',109.20,21.58),(69,5,'2023-10-02',68.70,5.95),(70,42,'2024-10-13',16.70,23.81),(71,38,'2023-01-31',61.00,17.04),(72,10,'2022-06-22',143.70,19.53),(73,12,'2024-08-26',136.50,29.34),(74,19,'2024-06-23',75.10,30.39),(75,37,'2024-06-12',18.20,15.41),(76,4,'2022-02-22',127.60,27.79),(77,11,'2022-06-06',94.10,24.93),(78,13,'2022-10-21',58.90,24.43),(79,18,'2022-03-09',6.90,5.68),(80,29,'2024-07-19',35.30,6.00),(81,39,'2024-04-26',7.80,24.56),(82,48,'2023-01-24',22.40,27.45),(83,22,'2022-11-16',73.40,13.66),(84,10,'2022-05-30',84.00,33.89),(85,28,'2023-09-10',62.70,19.09),(86,23,'2024-07-23',145.50,11.77),(87,12,'2023-12-15',128.80,12.44),(88,21,'2023-09-30',83.20,5.37),(89,5,'2024-04-04',5.00,30.30),(90,17,'2023-06-30',101.50,17.93),(91,40,'2024-04-06',69.30,26.14),(92,49,'2024-10-10',146.60,20.93),(93,20,'2023-08-17',125.70,15.33),(94,16,'2022-03-02',139.20,14.34),(95,43,'2023-09-09',12.10,18.38),(96,42,'2022-08-21',65.50,19.31),(97,18,'2024-10-30',31.10,21.58),(98,1,'2022-12-27',16.90,6.55),(99,30,'2024-03-25',133.40,9.00),(100,45,'2022-02-05',108.50,15.03),(101,25,'2022-11-01',54.10,29.23),(102,15,'2023-05-27',5.70,28.82),(103,16,'2022-10-24',7.10,25.27),(104,2,'2022-08-22',37.00,14.05),(105,17,'2023-09-07',131.30,20.90),(106,35,'2022-04-17',81.30,11.14),(107,39,'2024-07-17',107.00,17.84),(108,45,'2024-11-13',114.60,30.92),(109,17,'2022-07-21',139.30,24.89),(110,4,'2023-05-21',82.80,19.62),(111,3,'2023-07-22',41.00,29.18),(112,47,'2024-04-03',131.00,31.20),(113,18,'2023-05-01',64.20,32.14),(114,32,'2022-11-20',103.70,15.99),(115,25,'2022-09-21',47.60,29.95),(116,46,'2023-05-17',77.80,30.06),(117,47,'2023-06-20',42.90,30.18),(118,41,'2022-12-04',100.80,18.89),(119,16,'2023-05-15',98.20,22.25),(120,19,'2022-03-15',39.60,33.91),(121,42,'2022-02-15',50.80,22.33),(122,25,'2024-07-18',23.60,7.73),(123,48,'2022-08-02',57.90,5.51),(124,14,'2022-03-26',96.70,27.48),(125,19,'2023-04-20',58.60,35.00),(126,33,'2023-10-02',50.40,30.35),(127,49,'2024-06-20',54.10,10.01),(128,13,'2024-03-14',27.30,5.56),(129,5,'2024-07-23',60.80,5.73),(130,9,'2023-08-02',0.30,12.51),(131,23,'2022-07-10',48.50,17.64),(132,43,'2024-01-11',147.50,30.59),(133,14,'2022-07-09',140.40,14.99),(134,32,'2022-09-22',67.80,18.06),(135,30,'2022-07-02',26.60,6.27),(136,1,'2024-04-24',98.80,32.17),(137,35,'2024-04-21',107.00,24.51),(138,8,'2023-07-11',86.70,8.84),(139,10,'2023-05-02',46.90,9.26),(140,50,'2022-04-30',6.20,17.51),(141,28,'2022-03-09',55.00,27.35),(142,31,'2024-09-20',22.30,23.18),(143,4,'2023-11-25',105.90,15.51),(144,33,'2023-01-12',79.60,9.07),(145,41,'2022-12-03',113.90,29.58),(146,38,'2023-03-06',113.50,18.68),(147,46,'2023-04-21',110.10,10.93),(148,43,'2024-10-06',74.70,19.51),(149,5,'2023-03-10',123.20,5.35),(150,7,'2022-11-27',19.20,31.95),(151,37,'2024-09-20',7.70,17.69),(152,2,'2023-11-30',23.60,27.30),(153,12,'2022-09-23',64.30,5.51),(154,42,'2023-10-17',98.60,15.88),(155,20,'2022-12-09',48.60,25.80),(156,14,'2024-11-01',78.90,27.64),(157,41,'2023-08-18',77.90,19.29),(158,23,'2024-02-16',92.50,13.25),(159,10,'2022-06-11',22.00,28.05),(160,35,'2023-03-04',94.50,17.65),(161,42,'2022-10-13',23.70,11.98),(162,35,'2024-08-24',48.00,34.09),(163,40,'2024-05-26',135.30,8.78),(164,50,'2023-06-04',133.90,14.04),(165,37,'2023-12-30',27.60,32.95),(166,3,'2023-03-04',83.60,27.58),(167,23,'2023-11-28',92.20,12.61),(168,48,'2023-06-08',25.10,23.37),(169,12,'2023-12-11',97.50,13.85),(170,26,'2023-05-26',122.00,8.75),(171,37,'2022-06-17',16.30,29.21),(172,8,'2023-01-24',97.10,26.41),(173,34,'2024-04-14',143.50,31.67),(174,10,'2023-04-01',14.10,26.23),(175,28,'2023-12-10',101.20,17.92),(176,13,'2022-06-22',42.80,16.70),(177,12,'2023-09-20',89.50,10.63),(178,5,'2022-08-01',95.20,27.33),(179,38,'2024-07-09',87.10,12.27),(180,9,'2022-05-26',38.00,32.80),(181,32,'2023-02-14',125.80,19.57),(182,48,'2024-06-05',8.50,21.79),(183,20,'2022-05-12',127.50,12.83),(184,50,'2023-02-19',56.00,5.47),(185,28,'2023-05-12',0.30,5.16),(186,10,'2023-10-21',66.40,27.01),(187,44,'2023-10-15',92.60,24.14),(188,49,'2024-04-16',120.50,23.53),(189,4,'2024-06-06',15.80,34.66),(190,39,'2024-11-05',105.00,19.51),(191,25,'2024-03-18',83.30,16.41),(192,47,'2023-02-02',88.30,12.86),(193,23,'2023-11-08',139.50,33.13),(194,22,'2022-07-11',132.20,20.84),(195,44,'2024-02-16',81.70,15.04),(196,12,'2023-09-03',127.50,20.58),(197,38,'2022-12-13',116.20,29.70),(198,11,'2022-11-06',105.80,9.12),(199,43,'2023-06-15',142.70,7.28),(200,15,'2024-10-30',137.70,20.08),(201,40,'2023-11-06',22.20,16.68),(202,33,'2022-05-16',73.40,17.29),(203,21,'2024-05-06',71.70,15.69),(204,34,'2023-04-15',38.20,11.55),(205,8,'2024-09-04',75.70,16.99),(206,31,'2023-10-11',120.90,13.29),(207,49,'2024-09-04',78.10,10.97),(208,48,'2022-09-19',31.20,13.61),(209,30,'2022-06-23',66.20,27.96),(210,34,'2022-05-16',73.30,24.81),(211,27,'2022-09-14',73.40,8.15),(212,38,'2022-06-22',126.70,8.69),(213,20,'2024-10-05',1.40,18.36),(214,23,'2022-05-30',94.30,23.36),(215,24,'2024-04-02',145.40,24.92),(216,16,'2024-11-11',114.00,23.34),(217,47,'2024-02-19',52.50,14.56),(218,20,'2024-08-17',99.60,6.00),(219,17,'2023-07-18',145.40,21.46),(220,31,'2024-02-13',34.10,6.85),(221,6,'2023-06-29',5.20,30.18),(222,24,'2023-08-16',52.70,23.42),(223,13,'2023-07-14',141.70,25.27),(224,47,'2024-04-03',131.20,17.74),(225,24,'2023-07-10',29.30,11.00),(226,30,'2023-04-24',13.30,13.21),(227,31,'2022-06-11',1.10,12.85),(228,17,'2023-09-09',64.20,15.70),(229,10,'2024-06-04',146.30,22.30),(230,49,'2024-04-11',136.50,18.99),(231,17,'2024-08-18',118.20,14.74),(232,31,'2024-10-03',55.30,28.50),(233,20,'2023-04-07',5.50,10.74),(234,41,'2022-09-10',92.00,7.85),(235,17,'2023-06-19',139.80,17.77),(236,49,'2024-06-05',66.10,15.83),(237,39,'2024-05-26',127.80,30.70),(238,44,'2022-11-26',12.50,28.63),(239,44,'2022-09-06',93.40,30.92),(240,18,'2023-04-23',106.30,6.07),(241,4,'2023-08-08',121.00,30.33),(242,16,'2024-11-13',90.40,13.89),(243,49,'2022-07-12',43.60,33.42),(244,16,'2024-10-23',19.90,31.48),(245,24,'2023-09-06',143.40,28.48),(246,15,'2024-10-28',22.90,20.98),(247,29,'2023-10-14',135.70,25.14),(248,5,'2024-11-09',74.80,7.65),(249,34,'2023-05-29',26.30,22.36),(250,34,'2023-06-29',144.20,18.26),(251,50,'2024-02-09',130.90,18.62),(252,29,'2024-03-25',66.70,30.01),(253,28,'2023-09-03',110.30,24.68),(254,2,'2022-08-16',136.10,31.64),(255,49,'2022-07-10',76.20,25.07),(256,26,'2024-01-07',51.40,32.52),(257,48,'2023-07-15',97.90,34.13),(258,19,'2024-11-23',48.50,10.25),(259,43,'2022-10-05',63.10,23.12),(260,15,'2022-05-18',23.50,23.84),(261,9,'2022-04-23',28.50,31.97),(262,12,'2024-11-06',120.30,29.94),(263,7,'2022-03-12',64.00,25.79),(264,26,'2022-04-24',82.10,17.49),(265,10,'2024-02-24',69.40,19.98),(266,41,'2023-04-17',148.60,5.80),(267,8,'2023-09-02',132.00,11.00),(268,3,'2023-06-16',27.90,20.45),(269,31,'2022-03-31',26.40,21.34),(270,4,'2023-09-13',96.30,6.54),(271,36,'2023-08-14',57.70,19.07),(272,27,'2024-10-29',111.80,28.66),(273,36,'2022-07-13',106.40,19.92),(274,29,'2023-03-02',56.50,22.44),(275,25,'2024-03-27',41.10,27.45),(276,44,'2024-08-19',78.70,25.64),(277,35,'2023-07-25',140.30,26.03),(278,33,'2022-05-12',3.80,18.69),(279,39,'2023-05-07',40.60,12.77),(280,17,'2022-05-29',97.80,5.88),(281,7,'2022-03-19',123.90,23.75),(282,17,'2024-03-30',69.10,9.63),(283,30,'2024-04-04',12.80,15.54),(284,9,'2024-10-22',31.70,12.25),(285,7,'2024-07-25',63.90,7.27),(286,7,'2023-08-26',27.00,12.79),(287,13,'2023-04-28',9.50,27.83),(288,22,'2023-07-16',127.50,10.06),(289,24,'2024-06-17',13.80,9.88),(290,4,'2022-10-31',20.40,20.23),(291,23,'2023-03-24',41.10,15.80),(292,6,'2022-06-11',117.60,7.27),(293,10,'2024-06-14',6.40,27.45),(294,26,'2023-05-09',84.50,21.86),(295,8,'2023-06-08',93.40,29.18),(296,31,'2024-09-16',96.10,12.08),(297,47,'2022-05-02',48.50,32.96),(298,6,'2024-07-04',53.00,16.30),(299,4,'2023-10-12',40.30,34.10),(300,46,'2022-06-23',30.50,34.14),(301,7,'2022-06-23',5.80,5.35),(302,21,'2022-07-14',135.10,17.83),(303,45,'2023-09-27',61.40,34.34),(304,49,'2024-09-09',71.10,12.41),(305,50,'2022-10-30',55.20,8.69),(306,29,'2023-11-02',63.40,34.57),(307,4,'2022-06-03',86.60,28.31),(308,4,'2022-02-13',120.40,31.30),(309,19,'2022-03-07',96.90,21.58),(310,50,'2022-09-03',25.40,29.00),(311,41,'2023-02-21',34.60,34.10),(312,36,'2023-07-09',37.80,31.98),(313,33,'2023-07-20',99.40,18.94),(314,41,'2022-07-23',63.00,28.44),(315,30,'2024-07-09',107.80,29.81),(316,7,'2023-05-10',42.90,23.87),(317,40,'2023-04-05',106.80,8.12),(318,6,'2023-06-29',40.70,25.11),(319,33,'2023-01-13',141.60,21.25),(320,2,'2023-04-30',27.00,22.83),(321,39,'2024-02-08',143.70,13.73),(322,46,'2024-01-17',43.00,19.09),(323,38,'2023-07-18',12.50,17.01),(324,29,'2022-06-12',81.60,24.92),(325,7,'2023-03-10',0.60,23.69),(326,32,'2023-08-23',140.40,22.19),(327,25,'2023-07-28',34.00,30.98),(328,21,'2023-12-15',12.70,26.19),(329,1,'2024-09-05',127.70,30.92),(330,47,'2023-07-10',77.30,24.64),(331,21,'2024-03-11',85.10,30.59),(332,40,'2022-04-15',136.00,8.37),(333,6,'2023-03-29',42.80,25.89),(334,19,'2024-09-09',9.00,34.04),(335,46,'2022-05-29',85.50,26.50),(336,22,'2023-07-14',90.80,5.94),(337,2,'2023-04-05',18.90,23.03),(338,45,'2023-02-11',134.00,18.82),(339,47,'2022-07-29',41.80,14.91),(340,8,'2023-01-01',65.30,25.80),(341,17,'2024-05-27',36.00,9.27),(342,5,'2024-08-29',99.30,33.01),(343,4,'2024-01-21',4.60,11.84),(344,18,'2023-05-27',112.60,6.01),(345,31,'2024-11-15',30.00,6.67),(346,43,'2023-06-27',98.50,21.88),(347,22,'2023-03-04',144.10,32.29),(348,25,'2024-06-07',103.00,33.13),(349,19,'2023-10-25',114.40,12.19),(350,25,'2022-12-25',126.60,26.80),(351,28,'2022-12-16',46.70,22.08),(352,34,'2024-07-18',9.60,25.75),(353,37,'2024-06-09',43.80,17.47),(354,6,'2022-04-04',6.70,15.60),(355,35,'2022-07-01',15.60,27.60),(356,28,'2023-02-15',96.00,21.82),(357,10,'2023-09-29',71.90,19.88),(358,10,'2022-09-08',0.60,17.69),(359,11,'2023-02-27',40.20,33.36),(360,34,'2024-08-16',115.30,30.85),(361,34,'2024-07-01',37.50,18.31),(362,31,'2022-05-05',61.50,25.59),(363,18,'2023-06-19',29.40,11.48),(364,14,'2023-02-12',111.20,7.63),(365,4,'2023-12-24',103.20,15.58),(366,24,'2024-11-06',128.60,22.75),(367,30,'2024-05-17',64.80,16.21),(368,40,'2022-09-17',29.20,33.37),(369,45,'2024-03-06',83.50,29.13),(370,44,'2023-01-04',43.20,33.51),(371,2,'2023-07-14',96.80,10.03),(372,4,'2024-02-02',75.90,18.84),(373,44,'2024-03-06',135.90,26.28),(374,17,'2024-11-20',43.30,12.21),(375,9,'2022-08-02',140.10,24.96),(376,45,'2022-11-16',112.20,19.86),(377,11,'2024-11-21',128.30,33.51),(378,4,'2022-05-11',22.70,16.61),(379,32,'2023-02-11',95.90,13.48),(380,27,'2024-03-01',146.90,20.57),(381,8,'2022-07-11',100.40,13.39),(382,1,'2022-08-08',71.90,5.06),(383,27,'2022-02-09',50.60,10.89),(384,42,'2022-02-28',89.50,26.03),(385,44,'2023-03-12',81.40,7.62),(386,42,'2022-07-16',61.40,22.82),(387,7,'2022-10-22',100.70,24.83),(388,1,'2023-02-05',93.30,7.87),(389,50,'2022-06-08',19.30,24.56),(390,42,'2024-07-12',122.80,5.49),(391,45,'2024-01-02',61.60,31.19),(392,2,'2024-08-09',40.10,13.80),(393,47,'2023-06-15',128.10,29.80),(394,2,'2024-11-23',83.50,14.30),(395,23,'2024-03-09',128.00,11.78),(396,36,'2022-04-12',85.80,16.82),(397,14,'2022-05-22',99.00,18.96),(398,26,'2024-07-12',104.30,22.09),(399,27,'2023-08-18',60.50,7.84),(400,16,'2024-03-02',49.50,5.32),(401,49,'2023-10-01',90.00,21.05),(402,37,'2022-07-25',99.20,26.89),(403,30,'2022-05-04',146.90,30.97),(404,22,'2023-04-27',138.40,20.54),(405,19,'2024-01-25',27.80,31.53),(406,36,'2024-03-11',50.50,15.17),(407,28,'2023-10-24',40.70,12.72),(408,25,'2023-07-12',83.80,6.66),(409,10,'2024-07-06',5.40,26.17),(410,34,'2022-06-11',76.30,30.51),(411,34,'2022-01-25',53.10,10.31),(412,49,'2023-02-14',88.60,10.02),(413,36,'2022-11-06',54.00,6.12),(414,24,'2022-01-30',105.90,20.79),(415,33,'2023-07-10',126.70,12.56),(416,26,'2023-12-25',110.50,21.07),(417,6,'2022-06-11',147.00,25.77),(418,29,'2024-08-20',148.20,20.46),(419,35,'2024-09-13',122.60,25.05),(420,6,'2024-09-19',100.50,23.26),(421,33,'2023-07-08',49.00,29.85),(422,18,'2022-03-15',87.70,34.53),(423,29,'2022-05-07',48.10,7.72),(424,41,'2024-09-18',34.90,31.48),(425,42,'2022-09-13',135.20,17.83),(426,44,'2023-02-15',107.50,12.80),(427,36,'2024-07-19',135.40,18.57),(428,36,'2024-09-09',128.50,24.86),(429,3,'2022-12-30',131.70,6.07),(430,34,'2023-07-28',52.20,19.28),(431,47,'2024-11-04',87.20,9.13),(432,13,'2022-08-19',135.70,33.23),(433,5,'2023-12-12',7.10,9.90),(434,47,'2022-07-15',24.60,19.20),(435,40,'2023-11-02',96.90,8.92),(436,19,'2022-07-05',131.50,19.73),(437,26,'2022-07-08',100.30,23.45),(438,40,'2024-06-05',143.30,9.31),(439,13,'2022-06-07',45.80,29.86),(440,11,'2023-12-27',32.40,22.72),(441,44,'2022-10-15',130.30,25.04),(442,32,'2023-07-15',44.50,9.77),(443,39,'2024-01-25',130.10,16.18),(444,6,'2023-04-02',9.10,19.97),(445,33,'2024-06-25',64.20,19.98),(446,6,'2023-10-23',108.00,8.48),(447,34,'2023-08-03',43.80,7.32),(448,44,'2022-02-13',41.50,19.87),(449,35,'2023-09-06',84.20,7.84),(450,32,'2023-10-18',58.20,33.72),(451,23,'2022-07-26',74.30,8.38),(452,27,'2024-05-26',54.10,27.20),(453,42,'2022-10-06',106.70,13.44),(454,38,'2022-02-12',145.30,7.11),(455,48,'2024-08-16',47.50,15.97),(456,27,'2024-04-17',17.40,13.53),(457,40,'2024-06-04',20.10,14.84),(458,36,'2022-09-19',23.70,19.32),(459,14,'2022-07-11',8.00,9.81),(460,4,'2022-08-22',67.20,32.01),(461,17,'2023-01-15',107.80,27.24),(462,38,'2022-07-06',62.60,23.77),(463,6,'2024-08-13',35.60,14.64),(464,19,'2023-11-02',43.40,10.32),(465,32,'2024-06-28',54.00,19.26),(466,18,'2022-09-23',67.40,25.26),(467,15,'2023-07-07',49.20,20.58),(468,1,'2024-08-11',102.60,33.42),(469,10,'2022-02-06',45.70,19.33),(470,26,'2024-03-19',8.30,31.13),(471,5,'2022-10-18',101.40,6.41),(472,38,'2022-08-30',121.00,21.58),(473,28,'2024-07-06',85.00,25.40),(474,20,'2023-01-26',43.50,26.22),(475,20,'2024-08-29',42.00,11.59),(476,35,'2023-03-04',40.80,6.35),(477,8,'2023-07-29',39.00,29.94),(478,21,'2023-08-29',74.90,25.76),(479,46,'2023-04-17',16.60,19.06),(480,33,'2024-09-27',64.60,34.02),(481,20,'2023-04-11',91.60,8.44),(482,9,'2022-12-15',135.70,32.37),(483,24,'2024-03-30',71.60,32.07),(484,25,'2022-05-08',76.80,14.21),(485,44,'2023-09-25',95.90,13.64),(486,22,'2024-09-17',130.00,20.08),(487,40,'2022-07-22',149.50,10.19),(488,26,'2024-02-10',5.80,23.96),(489,1,'2023-06-23',60.90,10.21),(490,46,'2023-02-02',49.80,33.18),(491,29,'2023-04-26',83.30,32.21),(492,31,'2022-06-13',65.10,33.07),(493,50,'2023-10-07',34.30,30.51),(494,2,'2022-10-11',23.40,15.28),(495,32,'2023-07-12',74.50,33.01),(496,8,'2024-04-12',119.30,7.22),(497,37,'2022-10-29',46.10,32.03),(498,4,'2024-09-21',91.40,6.15),(499,24,'2024-06-12',70.80,26.09),(500,11,'2023-12-04',31.40,11.39),(501,25,'2024-05-19',67.10,17.93),(502,23,'2022-11-23',55.30,18.35),(503,36,'2023-04-04',39.90,15.79),(504,22,'2023-08-01',143.90,17.98),(505,41,'2023-03-26',88.60,20.01),(506,35,'2022-07-19',94.40,23.56),(507,4,'2024-05-17',139.50,22.80),(508,9,'2023-03-23',4.30,28.10),(509,21,'2024-08-22',61.10,33.66),(510,9,'2023-06-27',6.00,8.15),(511,24,'2022-05-21',80.30,16.27),(512,9,'2022-11-19',144.10,5.83),(513,44,'2024-04-17',97.90,20.34),(514,30,'2022-10-04',109.20,29.08),(515,20,'2022-03-03',108.00,26.98),(516,37,'2022-04-04',16.70,23.66),(517,18,'2023-01-10',65.10,16.32),(518,45,'2024-10-16',75.60,24.84),(519,43,'2024-01-20',108.50,34.30),(520,9,'2022-03-03',121.00,11.27),(521,35,'2024-10-27',19.00,13.55),(522,26,'2023-05-02',44.20,12.38),(523,15,'2024-06-11',69.50,13.46),(524,6,'2024-10-29',80.60,25.71),(525,30,'2022-10-14',33.30,22.38),(526,14,'2023-02-07',53.00,32.13),(527,26,'2022-03-15',3.50,31.28),(528,9,'2023-01-01',20.70,6.99),(529,44,'2022-05-20',10.70,20.39),(530,48,'2022-11-28',33.30,27.44),(531,19,'2024-05-02',132.70,17.22),(532,44,'2023-03-19',59.30,12.08),(533,31,'2022-03-26',112.50,32.70),(534,2,'2024-09-04',2.20,11.59),(535,12,'2024-06-28',117.40,25.59),(536,17,'2024-11-10',120.50,29.18),(537,9,'2022-12-29',58.80,7.68),(538,34,'2024-10-21',7.00,14.25),(539,48,'2023-10-30',69.30,14.07),(540,34,'2022-08-21',14.00,27.41),(541,49,'2024-10-15',13.40,6.54),(542,20,'2024-07-16',57.40,25.87),(543,15,'2023-11-14',13.90,11.68),(544,13,'2023-05-11',72.10,22.21),(545,38,'2022-02-05',141.50,31.15),(546,12,'2024-05-10',19.00,8.65),(547,20,'2023-08-25',125.50,33.70),(548,33,'2022-06-22',100.20,20.41),(549,28,'2022-02-27',68.30,11.74),(550,35,'2023-04-16',91.20,33.29),(551,19,'2024-01-21',125.60,32.89),(552,19,'2023-09-23',114.90,25.04),(553,44,'2023-05-10',29.70,34.09),(554,15,'2024-07-29',76.40,9.55),(555,22,'2022-07-30',18.90,34.51),(556,16,'2022-11-18',133.20,23.18),(557,22,'2022-04-26',146.10,10.75),(558,41,'2022-09-30',84.70,30.80),(559,6,'2022-06-27',39.30,24.75),(560,21,'2022-12-27',136.60,34.68),(561,28,'2023-06-04',14.60,6.35),(562,2,'2023-04-28',77.10,26.76),(563,47,'2024-07-03',13.20,33.51),(564,19,'2024-07-22',64.20,23.86),(565,9,'2023-03-24',27.00,23.48),(566,35,'2023-03-10',42.80,25.28),(567,16,'2023-12-12',29.80,13.99),(568,41,'2022-06-01',26.80,8.48),(569,50,'2024-04-02',38.00,33.90),(570,7,'2023-07-08',45.90,23.68),(571,41,'2024-04-14',130.30,13.70),(572,23,'2024-01-01',33.60,26.96),(573,25,'2024-05-20',35.20,27.52),(574,23,'2023-10-11',37.60,8.40),(575,14,'2022-05-08',24.50,8.41),(576,18,'2024-09-13',100.20,15.88),(577,35,'2023-08-01',56.00,30.54),(578,24,'2022-05-06',82.80,16.77),(579,37,'2023-04-17',63.30,21.19),(580,19,'2023-03-21',106.60,28.96),(581,2,'2023-10-18',80.10,28.19),(582,19,'2023-10-04',11.60,32.51),(583,23,'2023-02-17',24.70,7.07),(584,35,'2023-03-10',144.30,6.00),(585,25,'2024-11-19',110.40,17.02),(586,35,'2024-02-22',9.60,27.52),(587,4,'2024-10-14',65.60,34.42),(588,18,'2023-06-18',5.00,16.89),(589,8,'2023-10-27',55.40,15.94),(590,8,'2024-06-10',77.30,21.13),(591,46,'2023-01-27',131.00,22.81),(592,39,'2022-11-21',138.90,10.81),(593,50,'2024-05-03',64.00,14.85),(594,2,'2024-09-14',8.20,11.69),(595,1,'2022-04-12',139.60,5.91),(596,8,'2024-01-31',83.10,25.81),(597,38,'2024-05-02',31.30,11.01),(598,16,'2022-10-14',10.80,25.03),(599,33,'2022-02-17',62.20,24.47),(600,15,'2023-07-24',18.20,5.45);
/*!40000 ALTER TABLE `Performance_Metrics` ENABLE KEYS */;
UNLOCK TABLES;

--
-- Table structure for table `Portfolios`
--

DROP TABLE IF EXISTS `Portfolios`;
/*!40101 SET @saved_cs_client     = @@character_set_client */;
/*!50503 SET character_set_client = utf8mb4 */;
CREATE TABLE `Portfolios` (
  `Portfolio_ID` int NOT NULL AUTO_INCREMENT,
  `Investor_ID` int NOT NULL,
  `Creation_Date` date DEFAULT NULL,
  `Strategy` enum('Growth','Value','Income') NOT NULL,
  PRIMARY KEY (`Portfolio_ID`),
  KEY `Investor_ID` (`Investor_ID`),
  CONSTRAINT `portfolios_ibfk_1` FOREIGN KEY (`Investor_ID`) REFERENCES `Investors` (`Investor_ID`)
) ENGINE=InnoDB AUTO_INCREMENT=126 DEFAULT CHARSET=utf8mb4 COLLATE=utf8mb4_0900_ai_ci;
/*!40101 SET character_set_client = @saved_cs_client */;

--
-- Dumping data for table `Portfolios`
--

LOCK TABLES `Portfolios` WRITE;
/*!40000 ALTER TABLE `Portfolios` DISABLE KEYS */;
INSERT INTO `Portfolios` VALUES (1,18,'2023-09-13','Growth'),(2,12,'2022-09-22','Income'),(3,21,'2020-03-30','Value'),(4,1,'2021-01-24','Growth'),(5,8,'2021-07-09','Income'),(6,33,'2021-06-01','Value'),(7,35,'2023-03-25','Growth'),(8,14,'2022-03-19','Growth'),(9,43,'2020-05-01','Growth'),(10,15,'2020-07-04','Income'),(11,28,'2022-05-25','Income'),(12,41,'2020-04-24','Income'),(13,50,'2022-05-28','Growth'),(14,15,'2021-03-21','Income'),(15,25,'2020-07-05','Income'),(16,10,'2022-11-06','Income'),(17,11,'2023-12-02','Income'),(18,6,'2020-11-25','Income'),(19,29,'2022-10-05','Income'),(20,40,'2022-09-24','Growth'),(21,13,'2020-11-12','Value'),(22,38,'2022-09-20','Value'),(23,1,'2023-10-17','Value'),(24,40,'2022-05-08','Income'),(25,25,'2023-08-14','Value'),(26,21,'2021-04-12','Value'),(27,1,'2021-06-11','Value'),(28,28,'2021-04-13','Growth'),(29,44,'2020-04-04','Income'),(30,28,'2023-04-08','Growth'),(31,29,'2022-10-19','Growth'),(32,47,'2021-11-20','Value'),(33,36,'2020-04-03','Value'),(34,7,'2021-04-12','Value'),(35,25,'2023-02-19','Income'),(36,12,'2022-02-05','Value'),(37,39,'2022-02-10','Income'),(38,48,'2022-11-13','Value'),(39,26,'2020-05-15','Income'),(40,20,'2023-10-16','Growth'),(41,40,'2022-06-04','Growth'),(42,14,'2021-09-04','Growth'),(43,10,'2020-09-27','Income'),(44,38,'2020-12-30','Growth'),(45,40,'2023-02-18','Value'),(46,46,'2022-03-04','Income'),(47,21,'2021-03-05','Growth'),(48,17,'2023-12-06','Growth'),(49,22,'2020-10-30','Value'),(50,29,'2022-11-07','Growth'),(51,21,'2023-05-03','Value'),(52,3,'2022-10-05','Value'),(53,23,'2020-01-15','Value'),(54,20,'2020-01-22','Income'),(55,7,'2022-09-16','Income'),(56,22,'2022-04-22','Income'),(57,26,'2022-07-17','Value'),(58,45,'2020-03-11','Value'),(59,7,'2021-03-28','Growth'),(60,46,'2023-03-16','Growth'),(61,43,'2022-09-03','Growth'),(62,15,'2020-04-17','Growth'),(63,48,'2020-06-25','Income'),(64,43,'2021-01-21','Income'),(65,41,'2022-11-03','Income'),(66,3,'2023-07-26','Income'),(67,19,'2023-07-16','Income'),(68,39,'2023-03-26','Income'),(69,44,'2022-07-22','Income'),(70,39,'2023-05-08','Value'),(71,40,'2022-01-14','Growth'),(72,42,'2022-09-20','Value'),(73,10,'2022-12-26','Income'),(74,34,'2021-03-11','Value'),(75,43,'2020-09-24','Value'),(76,46,'2021-02-15','Growth'),(77,18,'2022-07-14','Growth'),(78,46,'2023-12-02','Growth'),(79,9,'2023-06-17','Growth'),(80,41,'2022-12-11','Value'),(81,33,'2020-01-18','Income'),(82,8,'2020-06-07','Value'),(83,49,'2023-09-05','Income'),(84,17,'2023-12-19','Growth'),(85,16,'2020-01-25','Value'),(86,34,'2023-06-08','Growth'),(87,15,'2020-01-14','Value'),(88,45,'2021-10-17','Income'),(89,48,'2023-02-26','Growth'),(90,11,'2021-03-21','Growth'),(91,30,'2022-04-11','Value'),(92,26,'2022-12-07','Value'),(93,47,'2022-12-13','Growth'),(94,38,'2023-12-24','Growth'),(95,44,'2021-05-21','Growth'),(96,14,'2023-04-21','Growth'),(97,3,'2022-03-25','Value'),(98,31,'2021-01-11','Growth'),(99,3,'2021-10-24','Value'),(100,12,'2021-03-28','Income'),(101,12,'2023-01-25','Income'),(102,33,'2022-08-20','Value'),(103,47,'2022-11-23','Value'),(104,46,'2021-05-14','Value'),(105,41,'2023-05-23','Value'),(106,17,'2020-08-12','Income'),(107,21,'2022-06-22','Value'),(108,49,'2022-02-26','Value'),(109,27,'2020-04-26','Value'),(110,11,'2022-04-18','Value'),(111,36,'2021-08-24','Growth'),(112,50,'2023-04-25','Income'),(113,22,'2022-05-19','Growth'),(114,20,'2020-07-28','Growth'),(115,28,'2022-01-14','Income'),(116,25,'2021-08-20','Income'),(117,24,'2020-05-02','Value'),(118,44,'2021-06-21','Growth'),(119,38,'2023-08-28','Income'),(120,25,'2021-03-24','Value'),(121,42,'2020-09-07','Growth'),(122,36,'2022-02-27','Income'),(123,45,'2023-09-23','Value'),(124,21,'2021-12-21','Value'),(125,33,'2023-09-13','Growth');
/*!40000 ALTER TABLE `Portfolios` ENABLE KEYS */;
UNLOCK TABLES;

--
-- Table structure for table `Risk_Analysis`
--

DROP TABLE IF EXISTS `Risk_Analysis`;
/*!40101 SET @saved_cs_client     = @@character_set_client */;
/*!50503 SET character_set_client = utf8mb4 */;
CREATE TABLE `Risk_Analysis` (
  `Risk_ID` int NOT NULL AUTO_INCREMENT,
  `Portfolio_ID` int NOT NULL,
  `Date` date DEFAULT NULL,
  `Risk_Level` decimal(10,2) DEFAULT NULL,
  `Risk_Adjusted_Return` decimal(10,2) DEFAULT NULL,
  PRIMARY KEY (`Risk_ID`),
  KEY `Portfolio_ID` (`Portfolio_ID`),
  CONSTRAINT `risk_analysis_ibfk_1` FOREIGN KEY (`Portfolio_ID`) REFERENCES `Portfolios` (`Portfolio_ID`)
) ENGINE=InnoDB AUTO_INCREMENT=601 DEFAULT CHARSET=utf8mb4 COLLATE=utf8mb4_0900_ai_ci;
/*!40101 SET character_set_client = @saved_cs_client */;

--
-- Dumping data for table `Risk_Analysis`
--

LOCK TABLES `Risk_Analysis` WRITE;
/*!40000 ALTER TABLE `Risk_Analysis` DISABLE KEYS */;
INSERT INTO `Risk_Analysis` VALUES (1,45,'2023-09-12',95.90,19.95),(2,43,'2024-09-04',108.20,30.61),(3,48,'2024-01-30',25.40,30.54),(4,13,'2024-04-16',4.30,11.72),(5,22,'2022-10-20',47.20,32.95),(6,5,'2022-02-20',65.70,15.59),(7,41,'2024-10-13',3.50,28.65),(8,33,'2022-03-15',107.10,12.59),(9,49,'2022-04-15',59.20,18.57),(10,24,'2022-09-26',73.00,29.05),(11,6,'2022-03-12',134.30,32.31),(12,12,'2024-05-06',70.70,24.82),(13,31,'2024-09-09',33.30,32.24),(14,46,'2022-01-30',12.30,30.08),(15,32,'2022-09-23',112.00,27.72),(16,19,'2024-11-15',127.80,31.28),(17,39,'2022-08-06',127.40,18.16),(18,32,'2022-02-03',68.10,18.43),(19,28,'2024-04-27',125.40,17.69),(20,15,'2023-07-06',5.10,23.61),(21,3,'2022-03-08',135.40,17.78),(22,39,'2023-08-06',147.80,27.26),(23,36,'2023-09-13',93.10,30.28),(24,11,'2024-07-19',119.40,9.84),(25,36,'2024-04-08',80.60,19.68),(26,6,'2024-08-13',140.10,13.11),(27,41,'2022-01-27',51.20,20.36),(28,35,'2023-02-03',31.10,29.70),(29,30,'2023-03-21',143.60,16.38),(30,50,'2024-01-22',92.10,9.29),(31,12,'2022-06-16',142.30,16.00),(32,7,'2023-12-10',108.40,16.15),(33,11,'2024-02-02',9.20,17.73),(34,4,'2024-06-01',31.70,19.18),(35,8,'2023-06-27',90.00,5.89),(36,31,'2024-05-15',56.80,9.52),(37,18,'2024-11-18',16.00,7.92),(38,40,'2024-09-14',52.50,6.43),(39,36,'2022-05-03',143.60,24.96),(40,43,'2024-02-03',20.30,7.18),(41,29,'2023-01-31',90.60,31.15),(42,34,'2022-03-15',20.10,30.14),(43,2,'2022-02-19',105.10,34.23),(44,35,'2024-02-06',130.90,20.52),(45,21,'2023-11-20',96.00,30.98),(46,7,'2023-11-03',3.40,33.23),(47,23,'2024-05-10',81.80,34.85),(48,13,'2022-12-06',77.30,14.63),(49,34,'2023-01-24',72.20,23.03),(50,43,'2023-11-03',102.50,28.18),(51,24,'2022-07-11',18.80,24.65),(52,31,'2024-04-24',137.90,34.27),(53,30,'2022-04-12',45.80,17.18),(54,23,'2023-08-24',124.90,17.09),(55,39,'2024-11-07',84.60,29.55),(56,44,'2022-03-31',111.00,13.36),(57,5,'2022-07-28',133.90,32.62),(58,38,'2024-05-17',43.40,12.42),(59,7,'2024-01-24',100.50,25.25),(60,29,'2022-09-11',127.40,33.49),(61,35,'2023-10-05',141.90,30.55),(62,43,'2023-03-15',99.00,7.13),(63,36,'2023-01-25',10.50,30.00),(64,18,'2023-01-20',144.60,8.74),(65,23,'2022-05-06',53.10,22.90),(66,15,'2024-05-12',72.40,33.46),(67,47,'2023-04-22',33.80,33.76),(68,15,'2024-06-25',109.20,21.58),(69,5,'2023-10-02',68.70,5.95),(70,42,'2024-10-13',16.70,23.81),(71,38,'2023-01-31',61.00,17.04),(72,10,'2022-06-22',143.70,19.53),(73,12,'2024-08-26',136.50,29.34),(74,19,'2024-06-23',75.10,30.39),(75,37,'2024-06-12',18.20,15.41),(76,4,'2022-02-22',127.60,27.79),(77,11,'2022-06-06',94.10,24.93),(78,13,'2022-10-21',58.90,24.43),(79,18,'2022-03-09',6.90,5.68),(80,29,'2024-07-19',35.30,6.00),(81,39,'2024-04-26',7.80,24.56),(82,48,'2023-01-24',22.40,27.45),(83,22,'2022-11-16',73.40,13.66),(84,10,'2022-05-30',84.00,33.89),(85,28,'2023-09-10',62.70,19.09),(86,23,'2024-07-23',145.50,11.77),(87,12,'2023-12-15',128.80,12.44),(88,21,'2023-09-30',83.20,5.37),(89,5,'2024-04-04',5.00,30.30),(90,17,'2023-06-30',101.50,17.93),(91,40,'2024-04-06',69.30,26.14),(92,49,'2024-10-10',146.60,20.93),(93,20,'2023-08-17',125.70,15.33),(94,16,'2022-03-02',139.20,14.34),(95,43,'2023-09-09',12.10,18.38),(96,42,'2022-08-21',65.50,19.31),(97,18,'2024-10-30',31.10,21.58),(98,1,'2022-12-27',16.90,6.55),(99,30,'2024-03-25',133.40,9.00),(100,45,'2022-02-05',108.50,15.03),(101,25,'2022-11-01',54.10,29.23),(102,15,'2023-05-27',5.70,28.82),(103,16,'2022-10-24',7.10,25.27),(104,2,'2022-08-22',37.00,14.05),(105,17,'2023-09-07',131.30,20.90),(106,35,'2022-04-17',81.30,11.14),(107,39,'2024-07-17',107.00,17.84),(108,45,'2024-11-13',114.60,30.92),(109,17,'2022-07-21',139.30,24.89),(110,4,'2023-05-21',82.80,19.62),(111,3,'2023-07-22',41.00,29.18),(112,47,'2024-04-03',131.00,31.20),(113,18,'2023-05-01',64.20,32.14),(114,32,'2022-11-20',103.70,15.99),(115,25,'2022-09-21',47.60,29.95),(116,46,'2023-05-17',77.80,30.06),(117,47,'2023-06-20',42.90,30.18),(118,41,'2022-12-04',100.80,18.89),(119,16,'2023-05-15',98.20,22.25),(120,19,'2022-03-15',39.60,33.91),(121,42,'2022-02-15',50.80,22.33),(122,25,'2024-07-18',23.60,7.73),(123,48,'2022-08-02',57.90,5.51),(124,14,'2022-03-26',96.70,27.48),(125,19,'2023-04-20',58.60,35.00),(126,33,'2023-10-02',50.40,30.35),(127,49,'2024-06-20',54.10,10.01),(128,13,'2024-03-14',27.30,5.56),(129,5,'2024-07-23',60.80,5.73),(130,9,'2023-08-02',0.30,12.51),(131,23,'2022-07-10',48.50,17.64),(132,43,'2024-01-11',147.50,30.59),(133,14,'2022-07-09',140.40,14.99),(134,32,'2022-09-22',67.80,18.06),(135,30,'2022-07-02',26.60,6.27),(136,1,'2024-04-24',98.80,32.17),(137,35,'2024-04-21',107.00,24.51),(138,8,'2023-07-11',86.70,8.84),(139,10,'2023-05-02',46.90,9.26),(140,50,'2022-04-30',6.20,17.51),(141,28,'2022-03-09',55.00,27.35),(142,31,'2024-09-20',22.30,23.18),(143,4,'2023-11-25',105.90,15.51),(144,33,'2023-01-12',79.60,9.07),(145,41,'2022-12-03',113.90,29.58),(146,38,'2023-03-06',113.50,18.68),(147,46,'2023-04-21',110.10,10.93),(148,43,'2024-10-06',74.70,19.51),(149,5,'2023-03-10',123.20,5.35),(150,7,'2022-11-27',19.20,31.95),(151,37,'2024-09-20',7.70,17.69),(152,2,'2023-11-30',23.60,27.30),(153,12,'2022-09-23',64.30,5.51),(154,42,'2023-10-17',98.60,15.88),(155,20,'2022-12-09',48.60,25.80),(156,14,'2024-11-01',78.90,27.64),(157,41,'2023-08-18',77.90,19.29),(158,23,'2024-02-16',92.50,13.25),(159,10,'2022-06-11',22.00,28.05),(160,35,'2023-03-04',94.50,17.65),(161,42,'2022-10-13',23.70,11.98),(162,35,'2024-08-24',48.00,34.09),(163,40,'2024-05-26',135.30,8.78),(164,50,'2023-06-04',133.90,14.04),(165,37,'2023-12-30',27.60,32.95),(166,3,'2023-03-04',83.60,27.58),(167,23,'2023-11-28',92.20,12.61),(168,48,'2023-06-08',25.10,23.37),(169,12,'2023-12-11',97.50,13.85),(170,26,'2023-05-26',122.00,8.75),(171,37,'2022-06-17',16.30,29.21),(172,8,'2023-01-24',97.10,26.41),(173,34,'2024-04-14',143.50,31.67),(174,10,'2023-04-01',14.10,26.23),(175,28,'2023-12-10',101.20,17.92),(176,13,'2022-06-22',42.80,16.70),(177,12,'2023-09-20',89.50,10.63),(178,5,'2022-08-01',95.20,27.33),(179,38,'2024-07-09',87.10,12.27),(180,9,'2022-05-26',38.00,32.80),(181,32,'2023-02-14',125.80,19.57),(182,48,'2024-06-05',8.50,21.79),(183,20,'2022-05-12',127.50,12.83),(184,50,'2023-02-19',56.00,5.47),(185,28,'2023-05-12',0.30,5.16),(186,10,'2023-10-21',66.40,27.01),(187,44,'2023-10-15',92.60,24.14),(188,49,'2024-04-16',120.50,23.53),(189,4,'2024-06-06',15.80,34.66),(190,39,'2024-11-05',105.00,19.51),(191,25,'2024-03-18',83.30,16.41),(192,47,'2023-02-02',88.30,12.86),(193,23,'2023-11-08',139.50,33.13),(194,22,'2022-07-11',132.20,20.84),(195,44,'2024-02-16',81.70,15.04),(196,12,'2023-09-03',127.50,20.58),(197,38,'2022-12-13',116.20,29.70),(198,11,'2022-11-06',105.80,9.12),(199,43,'2023-06-15',142.70,7.28),(200,15,'2024-10-30',137.70,20.08),(201,40,'2023-11-06',22.20,16.68),(202,33,'2022-05-16',73.40,17.29),(203,21,'2024-05-06',71.70,15.69),(204,34,'2023-04-15',38.20,11.55),(205,8,'2024-09-04',75.70,16.99),(206,31,'2023-10-11',120.90,13.29),(207,49,'2024-09-04',78.10,10.97),(208,48,'2022-09-19',31.20,13.61),(209,30,'2022-06-23',66.20,27.96),(210,34,'2022-05-16',73.30,24.81),(211,27,'2022-09-14',73.40,8.15),(212,38,'2022-06-22',126.70,8.69),(213,20,'2024-10-05',1.40,18.36),(214,23,'2022-05-30',94.30,23.36),(215,24,'2024-04-02',145.40,24.92),(216,16,'2024-11-11',114.00,23.34),(217,47,'2024-02-19',52.50,14.56),(218,20,'2024-08-17',99.60,6.00),(219,17,'2023-07-18',145.40,21.46),(220,31,'2024-02-13',34.10,6.85),(221,6,'2023-06-29',5.20,30.18),(222,24,'2023-08-16',52.70,23.42),(223,13,'2023-07-14',141.70,25.27),(224,47,'2024-04-03',131.20,17.74),(225,24,'2023-07-10',29.30,11.00),(226,30,'2023-04-24',13.30,13.21),(227,31,'2022-06-11',1.10,12.85),(228,17,'2023-09-09',64.20,15.70),(229,10,'2024-06-04',146.30,22.30),(230,49,'2024-04-11',136.50,18.99),(231,17,'2024-08-18',118.20,14.74),(232,31,'2024-10-03',55.30,28.50),(233,20,'2023-04-07',5.50,10.74),(234,41,'2022-09-10',92.00,7.85),(235,17,'2023-06-19',139.80,17.77),(236,49,'2024-06-05',66.10,15.83),(237,39,'2024-05-26',127.80,30.70),(238,44,'2022-11-26',12.50,28.63),(239,44,'2022-09-06',93.40,30.92),(240,18,'2023-04-23',106.30,6.07),(241,4,'2023-08-08',121.00,30.33),(242,16,'2024-11-13',90.40,13.89),(243,49,'2022-07-12',43.60,33.42),(244,16,'2024-10-23',19.90,31.48),(245,24,'2023-09-06',143.40,28.48),(246,15,'2024-10-28',22.90,20.98),(247,29,'2023-10-14',135.70,25.14),(248,5,'2024-11-09',74.80,7.65),(249,34,'2023-05-29',26.30,22.36),(250,34,'2023-06-29',144.20,18.26),(251,50,'2024-02-09',130.90,18.62),(252,29,'2024-03-25',66.70,30.01),(253,28,'2023-09-03',110.30,24.68),(254,2,'2022-08-16',136.10,31.64),(255,49,'2022-07-10',76.20,25.07),(256,26,'2024-01-07',51.40,32.52),(257,48,'2023-07-15',97.90,34.13),(258,19,'2024-11-23',48.50,10.25),(259,43,'2022-10-05',63.10,23.12),(260,15,'2022-05-18',23.50,23.84),(261,9,'2022-04-23',28.50,31.97),(262,12,'2024-11-06',120.30,29.94),(263,7,'2022-03-12',64.00,25.79),(264,26,'2022-04-24',82.10,17.49),(265,10,'2024-02-24',69.40,19.98),(266,41,'2023-04-17',148.60,5.80),(267,8,'2023-09-02',132.00,11.00),(268,3,'2023-06-16',27.90,20.45),(269,31,'2022-03-31',26.40,21.34),(270,4,'2023-09-13',96.30,6.54),(271,36,'2023-08-14',57.70,19.07),(272,27,'2024-10-29',111.80,28.66),(273,36,'2022-07-13',106.40,19.92),(274,29,'2023-03-02',56.50,22.44),(275,25,'2024-03-27',41.10,27.45),(276,44,'2024-08-19',78.70,25.64),(277,35,'2023-07-25',140.30,26.03),(278,33,'2022-05-12',3.80,18.69),(279,39,'2023-05-07',40.60,12.77),(280,17,'2022-05-29',97.80,5.88),(281,7,'2022-03-19',123.90,23.75),(282,17,'2024-03-30',69.10,9.63),(283,30,'2024-04-04',12.80,15.54),(284,9,'2024-10-22',31.70,12.25),(285,7,'2024-07-25',63.90,7.27),(286,7,'2023-08-26',27.00,12.79),(287,13,'2023-04-28',9.50,27.83),(288,22,'2023-07-16',127.50,10.06),(289,24,'2024-06-17',13.80,9.88),(290,4,'2022-10-31',20.40,20.23),(291,23,'2023-03-24',41.10,15.80),(292,6,'2022-06-11',117.60,7.27),(293,10,'2024-06-14',6.40,27.45),(294,26,'2023-05-09',84.50,21.86),(295,8,'2023-06-08',93.40,29.18),(296,31,'2024-09-16',96.10,12.08),(297,47,'2022-05-02',48.50,32.96),(298,6,'2024-07-04',53.00,16.30),(299,4,'2023-10-12',40.30,34.10),(300,46,'2022-06-23',30.50,34.14),(301,7,'2022-06-23',5.80,5.35),(302,21,'2022-07-14',135.10,17.83),(303,45,'2023-09-27',61.40,34.34),(304,49,'2024-09-09',71.10,12.41),(305,50,'2022-10-30',55.20,8.69),(306,29,'2023-11-02',63.40,34.57),(307,4,'2022-06-03',86.60,28.31),(308,4,'2022-02-13',120.40,31.30),(309,19,'2022-03-07',96.90,21.58),(310,50,'2022-09-03',25.40,29.00),(311,41,'2023-02-21',34.60,34.10),(312,36,'2023-07-09',37.80,31.98),(313,33,'2023-07-20',99.40,18.94),(314,41,'2022-07-23',63.00,28.44),(315,30,'2024-07-09',107.80,29.81),(316,7,'2023-05-10',42.90,23.87),(317,40,'2023-04-05',106.80,8.12),(318,6,'2023-06-29',40.70,25.11),(319,33,'2023-01-13',141.60,21.25),(320,2,'2023-04-30',27.00,22.83),(321,39,'2024-02-08',143.70,13.73),(322,46,'2024-01-17',43.00,19.09),(323,38,'2023-07-18',12.50,17.01),(324,29,'2022-06-12',81.60,24.92),(325,7,'2023-03-10',0.60,23.69),(326,32,'2023-08-23',140.40,22.19),(327,25,'2023-07-28',34.00,30.98),(328,21,'2023-12-15',12.70,26.19),(329,1,'2024-09-05',127.70,30.92),(330,47,'2023-07-10',77.30,24.64),(331,21,'2024-03-11',85.10,30.59),(332,40,'2022-04-15',136.00,8.37),(333,6,'2023-03-29',42.80,25.89),(334,19,'2024-09-09',9.00,34.04),(335,46,'2022-05-29',85.50,26.50),(336,22,'2023-07-14',90.80,5.94),(337,2,'2023-04-05',18.90,23.03),(338,45,'2023-02-11',134.00,18.82),(339,47,'2022-07-29',41.80,14.91),(340,8,'2023-01-01',65.30,25.80),(341,17,'2024-05-27',36.00,9.27),(342,5,'2024-08-29',99.30,33.01),(343,4,'2024-01-21',4.60,11.84),(344,18,'2023-05-27',112.60,6.01),(345,31,'2024-11-15',30.00,6.67),(346,43,'2023-06-27',98.50,21.88),(347,22,'2023-03-04',144.10,32.29),(348,25,'2024-06-07',103.00,33.13),(349,19,'2023-10-25',114.40,12.19),(350,25,'2022-12-25',126.60,26.80),(351,28,'2022-12-16',46.70,22.08),(352,34,'2024-07-18',9.60,25.75),(353,37,'2024-06-09',43.80,17.47),(354,6,'2022-04-04',6.70,15.60),(355,35,'2022-07-01',15.60,27.60),(356,28,'2023-02-15',96.00,21.82),(357,10,'2023-09-29',71.90,19.88),(358,10,'2022-09-08',0.60,17.69),(359,11,'2023-02-27',40.20,33.36),(360,34,'2024-08-16',115.30,30.85),(361,34,'2024-07-01',37.50,18.31),(362,31,'2022-05-05',61.50,25.59),(363,18,'2023-06-19',29.40,11.48),(364,14,'2023-02-12',111.20,7.63),(365,4,'2023-12-24',103.20,15.58),(366,24,'2024-11-06',128.60,22.75),(367,30,'2024-05-17',64.80,16.21),(368,40,'2022-09-17',29.20,33.37),(369,45,'2024-03-06',83.50,29.13),(370,44,'2023-01-04',43.20,33.51),(371,2,'2023-07-14',96.80,10.03),(372,4,'2024-02-02',75.90,18.84),(373,44,'2024-03-06',135.90,26.28),(374,17,'2024-11-20',43.30,12.21),(375,9,'2022-08-02',140.10,24.96),(376,45,'2022-11-16',112.20,19.86),(377,11,'2024-11-21',128.30,33.51),(378,4,'2022-05-11',22.70,16.61),(379,32,'2023-02-11',95.90,13.48),(380,27,'2024-03-01',146.90,20.57),(381,8,'2022-07-11',100.40,13.39),(382,1,'2022-08-08',71.90,5.06),(383,27,'2022-02-09',50.60,10.89),(384,42,'2022-02-28',89.50,26.03),(385,44,'2023-03-12',81.40,7.62),(386,42,'2022-07-16',61.40,22.82),(387,7,'2022-10-22',100.70,24.83),(388,1,'2023-02-05',93.30,7.87),(389,50,'2022-06-08',19.30,24.56),(390,42,'2024-07-12',122.80,5.49),(391,45,'2024-01-02',61.60,31.19),(392,2,'2024-08-09',40.10,13.80),(393,47,'2023-06-15',128.10,29.80),(394,2,'2024-11-23',83.50,14.30),(395,23,'2024-03-09',128.00,11.78),(396,36,'2022-04-12',85.80,16.82),(397,14,'2022-05-22',99.00,18.96),(398,26,'2024-07-12',104.30,22.09),(399,27,'2023-08-18',60.50,7.84),(400,16,'2024-03-02',49.50,5.32),(401,49,'2023-10-01',90.00,21.05),(402,37,'2022-07-25',99.20,26.89),(403,30,'2022-05-04',146.90,30.97),(404,22,'2023-04-27',138.40,20.54),(405,19,'2024-01-25',27.80,31.53),(406,36,'2024-03-11',50.50,15.17),(407,28,'2023-10-24',40.70,12.72),(408,25,'2023-07-12',83.80,6.66),(409,10,'2024-07-06',5.40,26.17),(410,34,'2022-06-11',76.30,30.51),(411,34,'2022-01-25',53.10,10.31),(412,49,'2023-02-14',88.60,10.02),(413,36,'2022-11-06',54.00,6.12),(414,24,'2022-01-30',105.90,20.79),(415,33,'2023-07-10',126.70,12.56),(416,26,'2023-12-25',110.50,21.07),(417,6,'2022-06-11',147.00,25.77),(418,29,'2024-08-20',148.20,20.46),(419,35,'2024-09-13',122.60,25.05),(420,6,'2024-09-19',100.50,23.26),(421,33,'2023-07-08',49.00,29.85),(422,18,'2022-03-15',87.70,34.53),(423,29,'2022-05-07',48.10,7.72),(424,41,'2024-09-18',34.90,31.48),(425,42,'2022-09-13',135.20,17.83),(426,44,'2023-02-15',107.50,12.80),(427,36,'2024-07-19',135.40,18.57),(428,36,'2024-09-09',128.50,24.86),(429,3,'2022-12-30',131.70,6.07),(430,34,'2023-07-28',52.20,19.28),(431,47,'2024-11-04',87.20,9.13),(432,13,'2022-08-19',135.70,33.23),(433,5,'2023-12-12',7.10,9.90),(434,47,'2022-07-15',24.60,19.20),(435,40,'2023-11-02',96.90,8.92),(436,19,'2022-07-05',131.50,19.73),(437,26,'2022-07-08',100.30,23.45),(438,40,'2024-06-05',143.30,9.31),(439,13,'2022-06-07',45.80,29.86),(440,11,'2023-12-27',32.40,22.72),(441,44,'2022-10-15',130.30,25.04),(442,32,'2023-07-15',44.50,9.77),(443,39,'2024-01-25',130.10,16.18),(444,6,'2023-04-02',9.10,19.97),(445,33,'2024-06-25',64.20,19.98),(446,6,'2023-10-23',108.00,8.48),(447,34,'2023-08-03',43.80,7.32),(448,44,'2022-02-13',41.50,19.87),(449,35,'2023-09-06',84.20,7.84),(450,32,'2023-10-18',58.20,33.72),(451,23,'2022-07-26',74.30,8.38),(452,27,'2024-05-26',54.10,27.20),(453,42,'2022-10-06',106.70,13.44),(454,38,'2022-02-12',145.30,7.11),(455,48,'2024-08-16',47.50,15.97),(456,27,'2024-04-17',17.40,13.53),(457,40,'2024-06-04',20.10,14.84),(458,36,'2022-09-19',23.70,19.32),(459,14,'2022-07-11',8.00,9.81),(460,4,'2022-08-22',67.20,32.01),(461,17,'2023-01-15',107.80,27.24),(462,38,'2022-07-06',62.60,23.77),(463,6,'2024-08-13',35.60,14.64),(464,19,'2023-11-02',43.40,10.32),(465,32,'2024-06-28',54.00,19.26),(466,18,'2022-09-23',67.40,25.26),(467,15,'2023-07-07',49.20,20.58),(468,1,'2024-08-11',102.60,33.42),(469,10,'2022-02-06',45.70,19.33),(470,26,'2024-03-19',8.30,31.13),(471,5,'2022-10-18',101.40,6.41),(472,38,'2022-08-30',121.00,21.58),(473,28,'2024-07-06',85.00,25.40),(474,20,'2023-01-26',43.50,26.22),(475,20,'2024-08-29',42.00,11.59),(476,35,'2023-03-04',40.80,6.35),(477,8,'2023-07-29',39.00,29.94),(478,21,'2023-08-29',74.90,25.76),(479,46,'2023-04-17',16.60,19.06),(480,33,'2024-09-27',64.60,34.02),(481,20,'2023-04-11',91.60,8.44),(482,9,'2022-12-15',135.70,32.37),(483,24,'2024-03-30',71.60,32.07),(484,25,'2022-05-08',76.80,14.21),(485,44,'2023-09-25',95.90,13.64),(486,22,'2024-09-17',130.00,20.08),(487,40,'2022-07-22',149.50,10.19),(488,26,'2024-02-10',5.80,23.96),(489,1,'2023-06-23',60.90,10.21),(490,46,'2023-02-02',49.80,33.18),(491,29,'2023-04-26',83.30,32.21),(492,31,'2022-06-13',65.10,33.07),(493,50,'2023-10-07',34.30,30.51),(494,2,'2022-10-11',23.40,15.28),(495,32,'2023-07-12',74.50,33.01),(496,8,'2024-04-12',119.30,7.22),(497,37,'2022-10-29',46.10,32.03),(498,4,'2024-09-21',91.40,6.15),(499,24,'2024-06-12',70.80,26.09),(500,11,'2023-12-04',31.40,11.39),(501,25,'2024-05-19',67.10,17.93),(502,23,'2022-11-23',55.30,18.35),(503,36,'2023-04-04',39.90,15.79),(504,22,'2023-08-01',143.90,17.98),(505,41,'2023-03-26',88.60,20.01),(506,35,'2022-07-19',94.40,23.56),(507,4,'2024-05-17',139.50,22.80),(508,9,'2023-03-23',4.30,28.10),(509,21,'2024-08-22',61.10,33.66),(510,9,'2023-06-27',6.00,8.15),(511,24,'2022-05-21',80.30,16.27),(512,9,'2022-11-19',144.10,5.83),(513,44,'2024-04-17',97.90,20.34),(514,30,'2022-10-04',109.20,29.08),(515,20,'2022-03-03',108.00,26.98),(516,37,'2022-04-04',16.70,23.66),(517,18,'2023-01-10',65.10,16.32),(518,45,'2024-10-16',75.60,24.84),(519,43,'2024-01-20',108.50,34.30),(520,9,'2022-03-03',121.00,11.27),(521,35,'2024-10-27',19.00,13.55),(522,26,'2023-05-02',44.20,12.38),(523,15,'2024-06-11',69.50,13.46),(524,6,'2024-10-29',80.60,25.71),(525,30,'2022-10-14',33.30,22.38),(526,14,'2023-02-07',53.00,32.13),(527,26,'2022-03-15',3.50,31.28),(528,9,'2023-01-01',20.70,6.99),(529,44,'2022-05-20',10.70,20.39),(530,48,'2022-11-28',33.30,27.44),(531,19,'2024-05-02',132.70,17.22),(532,44,'2023-03-19',59.30,12.08),(533,31,'2022-03-26',112.50,32.70),(534,2,'2024-09-04',2.20,11.59),(535,12,'2024-06-28',117.40,25.59),(536,17,'2024-11-10',120.50,29.18),(537,9,'2022-12-29',58.80,7.68),(538,34,'2024-10-21',7.00,14.25),(539,48,'2023-10-30',69.30,14.07),(540,34,'2022-08-21',14.00,27.41),(541,49,'2024-10-15',13.40,6.54),(542,20,'2024-07-16',57.40,25.87),(543,15,'2023-11-14',13.90,11.68),(544,13,'2023-05-11',72.10,22.21),(545,38,'2022-02-05',141.50,31.15),(546,12,'2024-05-10',19.00,8.65),(547,20,'2023-08-25',125.50,33.70),(548,33,'2022-06-22',100.20,20.41),(549,28,'2022-02-27',68.30,11.74),(550,35,'2023-04-16',91.20,33.29),(551,19,'2024-01-21',125.60,32.89),(552,19,'2023-09-23',114.90,25.04),(553,44,'2023-05-10',29.70,34.09),(554,15,'2024-07-29',76.40,9.55),(555,22,'2022-07-30',18.90,34.51),(556,16,'2022-11-18',133.20,23.18),(557,22,'2022-04-26',146.10,10.75),(558,41,'2022-09-30',84.70,30.80),(559,6,'2022-06-27',39.30,24.75),(560,21,'2022-12-27',136.60,34.68),(561,28,'2023-06-04',14.60,6.35),(562,2,'2023-04-28',77.10,26.76),(563,47,'2024-07-03',13.20,33.51),(564,19,'2024-07-22',64.20,23.86),(565,9,'2023-03-24',27.00,23.48),(566,35,'2023-03-10',42.80,25.28),(567,16,'2023-12-12',29.80,13.99),(568,41,'2022-06-01',26.80,8.48),(569,50,'2024-04-02',38.00,33.90),(570,7,'2023-07-08',45.90,23.68),(571,41,'2024-04-14',130.30,13.70),(572,23,'2024-01-01',33.60,26.96),(573,25,'2024-05-20',35.20,27.52),(574,23,'2023-10-11',37.60,8.40),(575,14,'2022-05-08',24.50,8.41),(576,18,'2024-09-13',100.20,15.88),(577,35,'2023-08-01',56.00,30.54),(578,24,'2022-05-06',82.80,16.77),(579,37,'2023-04-17',63.30,21.19),(580,19,'2023-03-21',106.60,28.96),(581,2,'2023-10-18',80.10,28.19),(582,19,'2023-10-04',11.60,32.51),(583,23,'2023-02-17',24.70,7.07),(584,35,'2023-03-10',144.30,6.00),(585,25,'2024-11-19',110.40,17.02),(586,35,'2024-02-22',9.60,27.52),(587,4,'2024-10-14',65.60,34.42),(588,18,'2023-06-18',5.00,16.89),(589,8,'2023-10-27',55.40,15.94),(590,8,'2024-06-10',77.30,21.13),(591,46,'2023-01-27',131.00,22.81),(592,39,'2022-11-21',138.90,10.81),(593,50,'2024-05-03',64.00,14.85),(594,2,'2024-09-14',8.20,11.69),(595,1,'2022-04-12',139.60,5.91),(596,8,'2024-01-31',83.10,25.81),(597,38,'2024-05-02',31.30,11.01),(598,16,'2022-10-14',10.80,25.03),(599,33,'2022-02-17',62.20,24.47),(600,15,'2023-07-24',18.20,5.45);
/*!40000 ALTER TABLE `Risk_Analysis` ENABLE KEYS */;
UNLOCK TABLES;

--
-- Table structure for table `Transactions`
--

DROP TABLE IF EXISTS `Transactions`;
/*!40101 SET @saved_cs_client     = @@character_set_client */;
/*!50503 SET character_set_client = utf8mb4 */;
CREATE TABLE `Transactions` (
  `Transaction_ID` int NOT NULL AUTO_INCREMENT,
  `Portfolio_ID` int NOT NULL,
  `Asset_ID` int NOT NULL,
  `Amount` int NOT NULL,
  `Price` decimal(10,2) DEFAULT NULL,
  `Transaction_Date` date DEFAULT NULL,
  `Transaction_Type` enum('Buy','Sell') DEFAULT NULL,
  PRIMARY KEY (`Transaction_ID`),
  KEY `Portfolio_ID` (`Portfolio_ID`),
  KEY `Asset_ID` (`Asset_ID`),
  CONSTRAINT `transactions_ibfk_1` FOREIGN KEY (`Portfolio_ID`) REFERENCES `Portfolios` (`Portfolio_ID`),
  CONSTRAINT `transactions_ibfk_2` FOREIGN KEY (`Asset_ID`) REFERENCES `Assets` (`Asset_ID`)
) ENGINE=InnoDB AUTO_INCREMENT=751 DEFAULT CHARSET=utf8mb4 COLLATE=utf8mb4_0900_ai_ci;
/*!40101 SET character_set_client = @saved_cs_client */;

--
-- Dumping data for table `Transactions`
--

LOCK TABLES `Transactions` WRITE;
/*!40000 ALTER TABLE `Transactions` DISABLE KEYS */;
INSERT INTO `Transactions` VALUES (1,48,1,940,4133.67,'2021-08-27','Buy'),(2,27,1,796,696.11,'2022-06-02','Buy'),(3,40,1,1948,4775.68,'2021-10-02','Buy'),(4,18,2,9362,2809.93,'2022-12-21','Sell'),(5,46,3,5321,1564.02,'2024-03-03','Sell'),(6,14,2,964,1945.27,'2022-02-20','Buy'),(7,34,1,871,3946.76,'2024-02-22','Sell'),(8,17,3,1887,1400.41,'2024-06-06','Buy'),(9,4,1,6693,2758.37,'2021-09-07','Sell'),(10,5,1,8211,4895.01,'2024-09-11','Sell'),(11,16,3,2421,651.28,'2024-06-25','Sell'),(12,42,3,6969,4331.75,'2022-08-25','Sell'),(13,43,1,6041,2751.20,'2022-03-02','Buy'),(14,47,2,5366,3956.91,'2024-08-02','Buy'),(15,18,2,8883,3722.23,'2021-05-10','Sell'),(16,39,1,1879,3326.94,'2022-02-09','Sell'),(17,41,1,8865,1872.51,'2023-06-19','Sell'),(18,46,1,8621,2015.04,'2021-11-02','Buy'),(19,40,2,9499,2182.92,'2022-05-12','Sell'),(20,28,2,5708,3775.80,'2024-09-26','Buy'),(21,17,3,1519,4547.05,'2022-05-05','Sell'),(22,28,2,3235,982.96,'2024-07-06','Sell'),(23,48,2,6204,1343.22,'2024-06-22','Sell'),(24,44,3,2218,4818.82,'2022-04-26','Sell'),(25,29,1,5016,96.82,'2024-05-06','Sell'),(26,15,3,2243,2419.90,'2021-12-23','Buy'),(27,4,2,4508,1414.00,'2023-07-24','Buy'),(28,14,2,6401,2357.50,'2023-03-30','Buy'),(29,36,1,5096,3715.38,'2021-12-27','Sell'),(30,21,1,5431,1011.97,'2022-02-04','Sell'),(31,5,1,7463,872.80,'2024-04-06','Buy'),(32,43,3,9027,129.70,'2024-04-05','Sell'),(33,6,1,2241,4211.19,'2021-02-06','Buy'),(34,40,2,6022,3735.39,'2021-09-12','Sell'),(35,38,2,4038,1564.66,'2024-01-20','Buy'),(36,13,2,9312,4473.82,'2024-09-21','Buy'),(37,21,1,3170,4990.79,'2023-01-12','Sell'),(38,48,3,9117,1104.41,'2021-11-09','Sell'),(39,9,1,7140,656.28,'2021-01-28','Buy'),(40,7,3,6981,734.04,'2024-06-13','Buy'),(41,28,2,9759,1593.12,'2022-08-03','Sell'),(42,3,1,9311,40.90,'2021-09-21','Sell'),(43,37,1,6657,1300.60,'2024-04-19','Buy'),(44,9,3,1737,578.59,'2022-07-01','Buy'),(45,10,3,9566,1861.08,'2022-05-25','Buy'),(46,25,3,15,1019.62,'2022-02-05','Buy'),(47,28,3,2199,149.41,'2023-11-22','Sell'),(48,31,3,115,2290.08,'2024-11-04','Buy'),(49,33,1,376,1303.26,'2023-05-17','Sell'),(50,28,3,6490,1570.60,'2021-09-13','Buy'),(51,19,3,4189,9.54,'2021-05-03','Sell'),(52,35,3,1423,1102.55,'2021-07-23','Sell'),(53,9,2,3603,1286.78,'2024-10-19','Buy'),(54,14,2,3612,3845.45,'2024-10-15','Buy'),(55,25,3,6018,431.98,'2022-09-05','Sell'),(56,50,2,3282,1243.47,'2024-06-10','Buy'),(57,48,1,4749,3485.13,'2024-08-10','Buy'),(58,31,2,9223,2748.89,'2021-08-31','Sell'),(59,50,2,3750,4805.53,'2024-11-09','Sell'),(60,7,1,9528,1523.40,'2024-03-05','Buy'),(61,30,2,769,1116.57,'2024-01-19','Buy'),(62,1,2,2226,3942.94,'2022-07-19','Sell'),(63,34,3,1870,318.22,'2021-04-05','Buy'),(64,32,3,9599,2724.07,'2024-07-25','Buy'),(65,14,1,4455,3656.27,'2021-12-24','Buy'),(66,24,2,6318,138.58,'2022-11-17','Sell'),(67,48,1,5638,4629.12,'2023-01-01','Buy'),(68,32,2,3267,3703.11,'2021-10-20','Buy'),(69,7,2,4525,4265.25,'2023-04-13','Buy'),(70,27,3,3790,344.37,'2021-10-25','Sell'),(71,43,2,8869,3787.56,'2021-06-27','Sell'),(72,15,3,4697,4286.55,'2024-01-21','Sell'),(73,50,2,6101,4423.22,'2022-09-06','Sell'),(74,6,2,6193,3583.38,'2023-07-12','Buy'),(75,37,1,4535,3535.93,'2023-02-01','Buy'),(76,30,1,6041,4382.64,'2022-12-10','Sell'),(77,27,3,5904,2056.07,'2024-10-18','Sell'),(78,45,3,5200,3436.87,'2021-10-17','Sell'),(79,10,2,6140,669.81,'2022-09-02','Buy'),(80,20,2,1232,1351.29,'2024-01-06','Buy'),(81,7,2,6134,1871.36,'2023-10-08','Sell'),(82,19,3,9237,4097.24,'2023-09-27','Sell'),(83,43,3,4784,1914.40,'2024-01-12','Sell'),(84,42,3,5842,4103.81,'2024-01-02','Sell'),(85,27,2,4785,2959.44,'2024-02-16','Buy'),(86,10,3,3361,4531.31,'2021-02-25','Sell'),(87,36,1,517,211.21,'2023-10-13','Sell'),(88,2,1,8587,625.39,'2021-09-09','Buy'),(89,35,3,4710,4347.72,'2023-07-03','Sell'),(90,2,3,7159,2049.66,'2021-02-15','Buy'),(91,24,3,241,4936.64,'2024-11-22','Sell'),(92,3,3,1643,1925.78,'2022-07-04','Buy'),(93,35,1,3224,95.41,'2022-08-12','Buy'),(94,33,2,451,4809.95,'2021-04-20','Buy'),(95,46,3,6495,3817.15,'2023-06-22','Buy'),(96,13,2,827,4219.52,'2021-12-11','Buy'),(97,18,1,9226,2591.05,'2024-05-01','Sell'),(98,24,1,2847,4099.98,'2024-11-01','Sell'),(99,27,2,7870,2000.44,'2024-10-30','Sell'),(100,38,1,4305,3685.29,'2024-02-04','Buy'),(101,47,3,6970,1442.89,'2021-06-30','Sell'),(102,7,3,5067,3361.11,'2021-12-28','Sell'),(103,41,1,4834,107.42,'2024-03-18','Sell'),(104,23,1,9227,215.35,'2021-08-01','Sell'),(105,11,2,9784,3796.97,'2023-05-19','Buy'),(106,20,1,6512,2313.10,'2022-07-26','Sell'),(107,42,2,8897,3905.60,'2024-10-05','Sell'),(108,35,1,2023,4290.57,'2021-09-23','Sell'),(109,31,2,1575,2685.96,'2024-01-08','Sell'),(110,15,3,9577,354.16,'2023-04-18','Buy'),(111,30,3,3953,1098.14,'2024-02-08','Sell'),(112,19,1,15,4324.50,'2023-10-26','Sell'),(113,48,3,7969,2602.86,'2023-08-29','Sell'),(114,37,1,2955,4382.31,'2022-04-22','Buy'),(115,39,2,5847,2383.66,'2022-12-11','Sell'),(116,36,2,4018,2428.60,'2024-02-16','Buy'),(117,34,1,8198,239.36,'2021-12-02','Buy'),(118,18,2,1954,945.38,'2024-05-09','Buy'),(119,19,1,7458,187.39,'2022-06-30','Buy'),(120,26,1,3218,2683.59,'2021-01-18','Buy'),(121,4,3,7190,625.48,'2024-06-03','Sell'),(122,48,1,2759,4014.09,'2021-03-10','Sell'),(123,25,2,8165,3675.57,'2023-07-04','Buy'),(124,13,3,4998,4347.07,'2022-02-25','Sell'),(125,43,2,4209,1604.18,'2021-07-01','Buy'),(126,10,1,6473,842.87,'2023-11-14','Sell'),(127,27,3,304,2824.71,'2021-05-12','Sell'),(128,41,3,8936,1130.28,'2024-06-03','Buy'),(129,31,2,9997,2791.92,'2022-03-05','Sell'),(130,29,1,4926,1135.06,'2022-02-08','Buy'),(131,22,2,4896,3530.01,'2023-02-03','Sell'),(132,38,3,4253,2053.54,'2023-11-25','Buy'),(133,1,2,3817,3477.02,'2024-07-10','Sell'),(134,23,1,4915,1826.64,'2022-02-06','Sell'),(135,42,2,6614,2364.20,'2023-08-07','Buy'),(136,11,2,5759,4054.65,'2024-06-20','Sell'),(137,44,1,2800,905.82,'2021-03-28','Sell'),(138,17,3,1936,1655.81,'2023-03-05','Buy'),(139,7,1,5401,620.29,'2024-09-29','Buy'),(140,22,2,8336,3168.18,'2022-05-24','Buy'),(141,8,3,5532,3958.23,'2021-12-04','Buy'),(142,34,1,5305,628.42,'2022-03-24','Buy'),(143,1,2,8123,4303.16,'2022-09-09','Sell'),(144,11,3,4386,3648.35,'2022-01-08','Sell'),(145,24,3,184,2869.08,'2021-08-29','Buy'),(146,12,3,4481,377.51,'2021-04-06','Buy'),(147,42,2,9773,257.72,'2023-01-21','Buy'),(148,2,1,7778,1609.75,'2022-06-25','Buy'),(149,5,1,5183,2368.85,'2023-10-02','Sell'),(150,16,2,9450,216.66,'2021-09-29','Sell'),(151,6,3,5400,476.70,'2024-01-27','Sell'),(152,35,3,1913,1424.59,'2023-09-07','Buy'),(153,41,2,1159,4444.58,'2023-01-23','Buy'),(154,4,2,3754,386.79,'2024-11-03','Sell'),(155,8,1,2814,622.13,'2023-02-07','Sell'),(156,30,1,7805,281.44,'2024-08-31','Sell'),(157,22,3,349,2382.89,'2024-06-21','Buy'),(158,32,2,3744,4824.36,'2024-06-12','Buy'),(159,30,1,167,380.92,'2021-06-08','Sell'),(160,7,3,9222,2768.50,'2024-11-10','Buy'),(161,3,3,8414,4592.57,'2022-07-30','Sell'),(162,50,3,9074,2620.05,'2023-07-31','Sell'),(163,7,1,1156,1709.30,'2022-03-13','Buy'),(164,32,3,7816,2706.09,'2023-02-13','Buy'),(165,31,2,8755,3421.04,'2021-07-27','Buy'),(166,38,1,779,36.18,'2024-10-30','Sell'),(167,16,3,8202,4533.47,'2023-02-28','Buy'),(168,9,2,3995,3563.49,'2023-11-29','Buy'),(169,25,1,7327,3962.96,'2021-04-01','Sell'),(170,18,3,454,1435.85,'2022-01-16','Sell'),(171,2,3,9342,1146.36,'2024-01-09','Buy'),(172,17,1,1663,3334.40,'2023-07-03','Sell'),(173,31,3,7876,254.95,'2023-11-13','Buy'),(174,21,3,9463,4816.33,'2021-06-08','Sell'),(175,13,3,3668,2529.67,'2021-10-01','Sell'),(176,23,2,3565,831.75,'2021-01-08','Buy'),(177,35,3,4880,4584.37,'2023-06-22','Buy'),(178,18,1,3170,1.42,'2022-10-01','Sell'),(179,31,3,8731,149.28,'2023-08-13','Sell'),(180,6,3,3416,1531.87,'2023-04-28','Buy'),(181,45,3,1128,3944.33,'2024-02-02','Sell'),(182,49,1,6196,4128.77,'2024-05-24','Buy'),(183,32,3,2032,3618.54,'2022-06-20','Buy'),(184,14,1,3514,3278.89,'2022-12-09','Sell'),(185,13,3,1076,349.02,'2023-07-21','Sell'),(186,25,1,3242,2883.15,'2021-06-29','Sell'),(187,47,2,5033,585.15,'2022-03-31','Buy'),(188,10,2,9702,1619.61,'2022-09-22','Sell'),(189,18,3,3406,3860.65,'2023-07-04','Sell'),(190,19,3,2609,2465.47,'2022-04-20','Buy'),(191,22,1,5445,3593.84,'2024-07-15','Buy'),(192,23,3,4942,3974.52,'2021-01-17','Buy'),(193,8,1,8764,4575.70,'2021-07-01','Sell'),(194,32,1,3249,1248.55,'2022-07-30','Sell'),(195,6,2,6815,4989.07,'2022-03-29','Sell'),(196,3,1,6215,4395.06,'2021-07-07','Buy'),(197,24,3,8912,71.51,'2022-07-01','Sell'),(198,13,2,7445,2352.89,'2021-07-24','Buy'),(199,10,1,6396,4054.94,'2022-11-20','Sell'),(200,32,1,7821,3326.66,'2022-03-07','Sell'),(201,19,1,9377,2891.12,'2021-01-06','Buy'),(202,38,1,1908,1251.66,'2021-09-01','Sell'),(203,14,3,1917,2566.51,'2024-01-13','Sell'),(204,12,3,3852,454.01,'2022-06-17','Buy'),(205,40,3,6869,2278.81,'2021-09-16','Sell'),(206,19,2,455,3806.77,'2023-12-03','Buy'),(207,29,2,4007,3921.06,'2021-12-12','Sell'),(208,47,1,9373,4158.64,'2024-06-30','Sell'),(209,10,2,7585,1675.00,'2023-05-25','Sell'),(210,48,3,8010,3617.70,'2021-08-19','Buy'),(211,41,2,7709,993.83,'2024-03-23','Sell'),(212,4,3,2660,1250.10,'2021-10-18','Buy'),(213,28,1,2797,67.69,'2024-10-01','Sell'),(214,2,1,1599,1191.64,'2024-08-24','Sell'),(215,30,2,3690,1172.24,'2022-09-13','Sell'),(216,49,1,7833,4136.04,'2024-01-13','Buy'),(217,38,3,6392,2821.07,'2024-04-27','Buy'),(218,27,3,5470,2140.99,'2024-10-30','Sell'),(219,43,3,8766,3318.65,'2024-04-09','Sell'),(220,11,3,7706,103.70,'2021-01-23','Buy'),(221,3,2,143,1328.48,'2022-02-11','Buy'),(222,46,3,1170,4510.32,'2024-07-26','Sell'),(223,8,2,4300,1831.66,'2022-12-01','Buy'),(224,35,3,8722,952.20,'2024-06-17','Buy'),(225,26,1,1690,1417.52,'2023-11-02','Buy'),(226,36,1,90,3451.66,'2022-06-18','Buy'),(227,16,3,8082,2085.79,'2021-12-18','Sell'),(228,36,1,4966,907.06,'2021-06-12','Buy'),(229,46,2,7322,4566.90,'2023-04-01','Sell'),(230,4,1,7849,769.80,'2024-08-07','Buy'),(231,41,1,2683,2131.74,'2023-01-08','Buy'),(232,11,1,1251,3042.46,'2021-04-19','Sell'),(233,4,3,5974,1208.16,'2024-03-04','Buy'),(234,3,2,9266,1458.37,'2022-05-16','Sell'),(235,30,2,5347,1487.56,'2022-11-21','Buy'),(236,5,2,5847,3164.62,'2024-11-10','Buy'),(237,34,3,3359,3613.14,'2022-05-14','Sell'),(238,41,3,7390,4800.98,'2023-03-01','Buy'),(239,36,1,5216,4625.40,'2021-12-19','Sell'),(240,9,1,7082,4488.45,'2021-09-15','Buy'),(241,1,3,8185,2073.05,'2021-10-27','Buy'),(242,31,3,1167,3756.47,'2024-04-01','Sell'),(243,37,2,2336,1612.24,'2021-02-02','Buy'),(244,33,1,3526,906.94,'2024-11-21','Buy'),(245,32,1,9324,2445.01,'2023-09-08','Buy'),(246,23,2,7935,498.38,'2024-01-10','Buy'),(247,8,1,5548,3156.15,'2024-01-24','Buy'),(248,16,1,6581,2811.01,'2023-11-24','Buy'),(249,28,2,9570,4327.77,'2024-02-13','Buy'),(250,33,1,4495,2725.11,'2023-10-15','Buy'),(251,43,2,3123,3698.36,'2022-07-05','Sell'),(252,43,3,6577,1289.68,'2024-07-09','Buy'),(253,44,1,6630,2630.03,'2024-02-29','Sell'),(254,2,1,2790,4441.98,'2021-12-14','Buy'),(255,23,1,725,2397.91,'2022-02-16','Buy'),(256,4,2,648,3602.82,'2024-05-18','Buy'),(257,47,3,471,4951.89,'2024-06-28','Buy'),(258,6,3,9656,4846.55,'2022-02-02','Buy'),(259,6,1,4906,4981.13,'2024-02-20','Buy'),(260,47,1,2948,1651.90,'2023-03-04','Buy'),(261,39,1,1972,3527.77,'2023-11-28','Buy'),(262,19,1,7544,1553.43,'2023-06-23','Sell'),(263,21,3,4780,447.10,'2021-07-09','Buy'),(264,31,1,9738,2333.59,'2021-07-14','Buy'),(265,31,2,1628,2343.12,'2022-06-27','Buy'),(266,22,1,5740,3868.41,'2024-10-15','Buy'),(267,4,3,7019,4042.70,'2023-10-20','Buy'),(268,5,3,3722,394.84,'2022-06-18','Buy'),(269,8,3,333,1266.55,'2023-08-01','Buy'),(270,43,3,4715,455.10,'2024-06-22','Sell'),(271,28,3,498,2996.70,'2022-07-07','Buy'),(272,3,3,2877,1419.07,'2021-02-16','Buy'),(273,27,3,6708,663.69,'2021-05-20','Sell'),(274,3,3,1586,258.64,'2022-11-18','Buy'),(275,12,2,6556,2424.89,'2024-06-29','Sell'),(276,16,3,9705,4036.21,'2021-06-14','Buy'),(277,42,1,9512,858.80,'2021-01-11','Sell'),(278,3,2,8320,809.09,'2024-05-24','Sell'),(279,42,3,1580,3263.45,'2023-03-01','Sell'),(280,19,2,3245,3442.49,'2022-09-15','Sell'),(281,9,2,5063,4667.27,'2024-08-31','Buy'),(282,27,1,6375,4225.80,'2023-03-22','Sell'),(283,23,3,7568,3297.95,'2024-10-12','Sell'),(284,33,2,3874,1937.91,'2024-02-07','Sell'),(285,21,1,8073,2500.48,'2022-01-12','Sell'),(286,39,3,2131,2597.87,'2021-05-14','Buy'),(287,25,1,2459,2362.06,'2021-02-13','Buy'),(288,29,2,527,38.71,'2024-01-29','Sell'),(289,4,2,4748,2123.66,'2021-11-03','Sell'),(290,7,3,8982,4614.32,'2021-11-04','Buy'),(291,48,3,1654,3671.43,'2021-04-06','Sell'),(292,19,2,2893,4637.02,'2024-06-20','Buy'),(293,42,3,9597,3318.86,'2022-04-01','Sell'),(294,21,2,4684,3825.81,'2021-03-26','Buy'),(295,40,1,1642,3866.61,'2023-05-25','Buy'),(296,39,3,485,2928.37,'2022-08-28','Buy'),(297,17,3,9688,3688.33,'2022-03-27','Sell'),(298,8,2,7412,1981.12,'2023-06-26','Buy'),(299,50,3,3783,798.75,'2024-11-10','Buy'),(300,50,2,8087,961.62,'2023-11-30','Sell'),(301,39,1,4679,4367.67,'2021-09-10','Sell'),(302,37,3,4473,3066.09,'2023-07-25','Sell'),(303,33,2,4099,4597.49,'2024-11-06','Sell'),(304,20,2,4916,4048.41,'2022-07-03','Sell'),(305,28,2,3013,4115.18,'2022-06-09','Sell'),(306,33,2,8722,2188.15,'2024-07-16','Buy'),(307,13,1,5984,1677.38,'2021-09-11','Buy'),(308,3,1,8536,1955.15,'2024-06-15','Sell'),(309,27,3,6565,1271.49,'2022-04-15','Sell'),(310,1,3,7019,4544.91,'2022-12-25','Sell'),(311,37,3,8349,2643.73,'2021-11-08','Buy'),(312,28,1,3807,2132.88,'2023-06-09','Buy'),(313,27,2,3334,647.61,'2024-04-29','Buy'),(314,12,3,1648,3065.33,'2021-12-08','Sell'),(315,24,3,8013,4563.79,'2024-01-13','Sell'),(316,48,2,2158,925.69,'2022-06-11','Buy'),(317,42,1,4354,1539.79,'2022-12-06','Buy'),(318,21,1,5158,1898.52,'2021-05-27','Buy'),(319,43,3,9245,2277.96,'2021-06-10','Sell'),(320,27,1,5722,2132.41,'2021-02-23','Sell'),(321,48,3,1671,333.52,'2021-10-12','Sell'),(322,25,1,1622,4943.83,'2022-03-15','Sell'),(323,37,2,4692,2030.75,'2022-12-16','Sell'),(324,32,2,3220,2813.70,'2023-02-18','Sell'),(325,7,2,8632,1413.83,'2023-11-06','Sell'),(326,39,1,9384,4013.00,'2021-08-05','Sell'),(327,8,1,9883,1222.89,'2024-06-11','Buy'),(328,12,2,9186,4226.45,'2021-03-18','Sell'),(329,27,3,409,4145.26,'2021-03-04','Sell'),(330,41,3,3670,3391.62,'2024-01-21','Buy'),(331,13,3,1283,4846.38,'2022-11-27','Buy'),(332,20,2,7875,1552.94,'2024-11-01','Buy'),(333,6,2,8564,3376.52,'2024-10-27','Sell'),(334,9,3,2451,601.76,'2022-04-11','Buy'),(335,13,3,8295,1622.92,'2024-10-10','Buy'),(336,21,2,1282,369.86,'2024-06-17','Sell'),(337,46,3,2990,1277.63,'2021-03-18','Sell'),(338,17,1,9027,4455.73,'2022-03-13','Sell'),(339,34,1,3615,3865.15,'2021-10-13','Sell'),(340,46,2,4912,95.21,'2023-06-18','Buy'),(341,45,3,7858,616.46,'2022-08-02','Sell'),(342,8,1,5074,3902.89,'2024-06-26','Buy'),(343,13,3,1971,1989.19,'2024-09-09','Buy'),(344,46,1,5104,4097.32,'2023-01-14','Buy'),(345,31,1,3090,2014.78,'2021-07-10','Buy'),(346,41,1,6365,769.16,'2024-10-11','Buy'),(347,29,2,221,2579.76,'2022-09-27','Buy'),(348,49,2,4381,3668.93,'2024-11-23','Sell'),(349,43,3,9956,4494.71,'2021-12-23','Buy'),(350,2,1,9735,881.98,'2022-08-01','Sell'),(351,5,1,2902,1633.79,'2022-02-27','Sell'),(352,13,1,7422,3994.12,'2024-11-02','Buy'),(353,3,2,2341,4601.71,'2024-10-05','Sell'),(354,36,3,5765,4072.20,'2023-07-21','Sell'),(355,46,1,502,1182.07,'2022-07-14','Buy'),(356,18,2,7491,3499.22,'2023-04-19','Sell'),(357,8,3,2825,2613.23,'2024-10-15','Buy'),(358,18,3,9600,4334.66,'2024-08-26','Buy'),(359,4,2,4297,3380.68,'2021-11-17','Buy'),(360,26,2,4405,3465.93,'2021-04-15','Sell'),(361,2,1,495,2819.72,'2024-07-18','Sell'),(362,40,3,7620,4182.49,'2023-07-02','Buy'),(363,30,2,7300,2282.60,'2022-12-07','Buy'),(364,41,2,9038,800.76,'2023-04-03','Buy'),(365,16,2,229,4311.76,'2024-09-10','Buy'),(366,42,3,2366,4655.54,'2022-08-11','Buy'),(367,43,1,5820,3740.67,'2024-06-01','Sell'),(368,4,1,1680,2736.66,'2021-05-28','Sell'),(369,29,3,2270,3053.34,'2021-09-17','Sell'),(370,20,3,6120,433.46,'2024-01-14','Buy'),(371,30,2,8373,264.74,'2024-05-07','Sell'),(372,39,3,5848,3802.05,'2021-12-23','Buy'),(373,50,3,7484,3570.78,'2023-09-05','Buy'),(374,7,2,4768,4640.53,'2021-10-17','Buy'),(375,16,1,880,3527.80,'2022-03-31','Buy'),(376,41,3,814,2649.93,'2022-11-30','Buy'),(377,1,3,4712,6.59,'2022-08-19','Sell'),(378,6,2,5659,4413.62,'2024-03-17','Sell'),(379,19,2,983,3576.38,'2024-03-02','Buy'),(380,32,2,7293,1493.16,'2024-07-07','Sell'),(381,24,1,5974,4038.43,'2024-11-02','Buy'),(382,13,3,7691,4616.23,'2023-11-01','Sell'),(383,41,3,9446,85.84,'2021-07-01','Sell'),(384,24,3,8160,878.71,'2021-12-03','Buy'),(385,27,1,9182,4288.25,'2022-10-15','Sell'),(386,4,2,484,1947.74,'2023-11-22','Buy'),(387,45,2,6636,3377.17,'2021-01-23','Buy'),(388,28,1,7865,3308.36,'2024-09-09','Sell'),(389,26,1,6538,4003.27,'2022-01-24','Sell'),(390,31,3,2149,4091.19,'2024-02-10','Buy'),(391,33,1,1563,3118.70,'2021-05-17','Buy'),(392,20,1,7903,1932.34,'2022-04-18','Sell'),(393,1,3,2534,3403.81,'2022-07-23','Sell'),(394,9,3,1538,257.12,'2024-04-01','Buy'),(395,22,2,9476,3695.43,'2022-02-18','Sell'),(396,10,1,3665,4222.98,'2024-08-09','Buy'),(397,2,3,2199,2811.35,'2023-04-05','Sell'),(398,47,1,6979,2602.38,'2023-07-13','Sell'),(399,5,1,3782,4313.45,'2023-01-06','Sell'),(400,29,1,7229,4976.15,'2022-07-02','Buy'),(401,31,3,4327,3835.57,'2024-08-27','Sell'),(402,27,1,8434,4918.92,'2024-08-12','Sell'),(403,46,1,8226,2543.89,'2024-01-05','Sell'),(404,50,3,3519,3346.45,'2021-07-28','Sell'),(405,4,3,630,2327.82,'2021-09-05','Buy'),(406,36,2,2837,1253.25,'2023-06-02','Sell'),(407,15,1,1639,2220.69,'2023-12-05','Buy'),(408,20,1,2234,2779.69,'2021-08-28','Buy'),(409,13,2,2255,1171.27,'2023-05-09','Sell'),(410,35,3,9204,2433.36,'2022-11-07','Sell'),(411,39,3,7149,4148.42,'2024-11-12','Buy'),(412,12,2,8237,3816.64,'2024-08-25','Sell'),(413,48,3,2427,2388.16,'2021-11-08','Sell'),(414,3,3,9333,2090.58,'2022-10-22','Buy'),(415,5,2,3012,3636.67,'2022-05-27','Buy'),(416,28,1,4063,20.89,'2021-12-27','Sell'),(417,26,2,509,2279.79,'2023-01-06','Buy'),(418,48,1,4248,4184.57,'2023-06-19','Buy'),(419,36,2,4826,491.68,'2022-04-30','Buy'),(420,39,1,6405,3359.99,'2021-11-06','Buy'),(421,30,2,1345,3706.43,'2023-09-10','Sell'),(422,33,2,8985,3667.30,'2023-01-21','Buy'),(423,6,3,1658,2286.97,'2021-05-13','Sell'),(424,36,1,8711,3729.40,'2021-04-09','Buy'),(425,28,1,824,4669.71,'2023-07-01','Sell'),(426,28,2,2172,1919.21,'2021-05-24','Sell'),(427,36,2,201,3241.94,'2022-01-01','Buy'),(428,22,3,2424,4192.63,'2022-08-18','Buy'),(429,47,2,3661,1346.29,'2021-07-25','Buy'),(430,10,3,7916,2154.85,'2024-04-15','Buy'),(431,42,1,6851,2554.19,'2023-12-17','Sell'),(432,9,3,4010,288.62,'2022-07-04','Sell'),(433,17,3,7641,1374.17,'2021-03-28','Buy'),(434,39,2,6814,2669.78,'2022-12-09','Buy'),(435,46,1,6835,210.81,'2022-05-07','Buy'),(436,38,1,6454,3924.31,'2023-07-28','Sell'),(437,41,2,3107,2777.21,'2022-07-19','Sell'),(438,3,1,9564,12.66,'2021-11-01','Sell'),(439,19,2,3480,852.65,'2023-10-04','Buy'),(440,41,1,8257,3904.20,'2022-08-21','Buy'),(441,46,3,2165,3865.54,'2024-04-12','Sell'),(442,12,1,4058,3762.76,'2024-01-17','Buy'),(443,1,1,4197,4170.21,'2024-05-09','Sell'),(444,18,1,567,1112.96,'2022-07-16','Buy'),(445,48,1,9964,4717.32,'2022-08-19','Buy'),(446,46,3,382,1274.32,'2021-08-26','Sell'),(447,45,2,4616,16.63,'2023-01-01','Sell'),(448,24,2,8851,3219.97,'2023-10-14','Buy'),(449,18,2,5990,1254.81,'2021-12-06','Buy'),(450,5,2,3397,1126.84,'2023-09-19','Sell'),(451,37,2,908,4098.65,'2024-05-18','Sell'),(452,16,3,9466,3030.55,'2023-12-13','Sell'),(453,5,1,8202,1337.81,'2022-06-18','Sell'),(454,15,1,6804,4965.68,'2021-11-16','Sell'),(455,4,1,3400,4467.40,'2022-08-16','Buy'),(456,6,1,7461,404.56,'2022-05-01','Buy'),(457,39,3,7322,4121.69,'2021-05-16','Buy'),(458,49,1,7341,1037.55,'2023-05-02','Sell'),(459,3,1,9213,3656.23,'2023-08-29','Buy'),(460,33,1,5370,2113.55,'2022-08-14','Buy'),(461,14,1,6378,2989.97,'2024-02-24','Buy'),(462,38,2,8583,1407.89,'2024-09-27','Sell'),(463,6,3,9152,4448.40,'2022-10-04','Sell'),(464,40,3,9386,1896.99,'2023-02-16','Sell'),(465,26,3,7393,1608.38,'2023-12-19','Sell'),(466,47,3,2811,1402.85,'2023-06-15','Buy'),(467,31,2,2433,628.82,'2023-04-15','Buy'),(468,41,1,9692,1494.30,'2023-05-27','Buy'),(469,24,2,8970,2173.03,'2021-08-31','Buy'),(470,45,2,3654,2708.14,'2023-12-18','Sell'),(471,46,1,3052,1831.20,'2022-09-17','Sell'),(472,49,1,5374,1098.26,'2024-04-10','Sell'),(473,8,3,2478,701.92,'2023-08-19','Buy'),(474,21,2,6755,3539.50,'2021-12-06','Buy'),(475,22,2,2378,2102.71,'2021-06-25','Buy'),(476,24,3,2395,552.45,'2022-03-27','Sell'),(477,46,3,2300,2705.51,'2024-11-19','Sell'),(478,34,2,5700,1407.11,'2021-04-21','Sell'),(479,6,2,179,406.33,'2021-10-27','Buy'),(480,6,1,9618,1853.63,'2021-08-22','Sell'),(481,25,2,6124,2196.49,'2021-02-06','Sell'),(482,38,3,6511,4362.22,'2022-10-03','Buy'),(483,29,1,2953,2850.99,'2024-03-08','Sell'),(484,16,1,4262,3313.72,'2021-11-06','Sell'),(485,44,3,8768,3061.76,'2021-11-16','Buy'),(486,9,3,3377,1509.67,'2024-07-13','Sell'),(487,40,3,6868,173.40,'2022-05-29','Sell'),(488,48,3,4443,3757.01,'2021-06-28','Buy'),(489,41,3,6444,2535.75,'2021-11-28','Buy'),(490,38,1,5233,1633.51,'2023-12-04','Sell'),(491,21,3,9606,1164.60,'2022-12-15','Sell'),(492,1,3,8277,2781.27,'2021-09-01','Sell'),(493,18,2,6759,1236.74,'2022-12-22','Sell'),(494,23,1,6328,610.59,'2023-05-05','Sell'),(495,12,1,1509,1378.54,'2024-10-08','Buy'),(496,7,1,1238,459.41,'2023-12-01','Buy'),(497,34,2,1992,1943.16,'2021-10-13','Buy'),(498,13,1,6782,4442.94,'2022-04-11','Buy'),(499,33,3,7368,203.86,'2024-11-27','Buy'),(500,38,1,6174,4549.47,'2024-06-10','Buy'),(501,7,2,8793,2011.93,'2022-12-28','Sell'),(502,38,2,8008,4053.75,'2024-07-14','Buy'),(503,7,1,4371,981.38,'2023-06-10','Sell'),(504,19,3,6631,251.59,'2021-01-28','Sell'),(505,15,1,7427,671.69,'2021-09-18','Sell'),(506,42,2,203,1258.98,'2023-01-31','Sell'),(507,33,2,3950,4238.45,'2024-10-19','Buy'),(508,47,1,5549,4157.59,'2021-09-18','Buy'),(509,31,2,72,3956.48,'2022-10-27','Sell'),(510,4,2,1880,3228.75,'2021-09-27','Buy'),(511,21,1,885,1128.97,'2022-07-31','Buy'),(512,20,3,4406,4123.69,'2021-06-21','Sell'),(513,8,3,4042,2918.08,'2023-08-14','Sell'),(514,46,3,4151,1567.52,'2021-04-22','Buy'),(515,37,3,2654,205.12,'2022-04-01','Buy'),(516,13,3,7810,1365.79,'2023-07-20','Sell'),(517,44,1,6499,2440.68,'2024-01-26','Sell'),(518,31,1,1120,1711.11,'2023-02-19','Sell'),(519,47,1,9547,2565.37,'2024-11-09','Buy'),(520,1,3,2816,2485.48,'2021-01-09','Buy'),(521,5,3,1497,2997.51,'2024-09-09','Sell'),(522,47,2,995,181.37,'2021-01-03','Buy'),(523,6,1,430,2749.59,'2024-07-01','Sell'),(524,20,1,1921,553.93,'2021-01-30','Buy'),(525,2,1,3531,2583.60,'2022-02-20','Sell'),(526,50,2,5997,1691.61,'2022-09-22','Sell'),(527,16,1,1054,931.17,'2024-07-12','Buy'),(528,38,2,9256,4290.43,'2024-04-09','Buy'),(529,50,2,2850,4820.10,'2024-06-30','Buy'),(530,29,3,7920,3532.55,'2021-12-03','Sell'),(531,26,2,3107,1140.23,'2024-08-29','Buy'),(532,25,1,7211,352.16,'2022-08-23','Sell'),(533,33,1,1076,3004.33,'2023-01-19','Buy'),(534,41,1,4379,3948.86,'2022-02-25','Sell'),(535,23,2,559,4146.03,'2023-10-24','Sell'),(536,11,2,2496,1905.13,'2023-07-06','Sell'),(537,4,1,4157,3700.69,'2023-11-11','Sell'),(538,24,1,5321,4445.37,'2023-05-31','Sell'),(539,32,2,2914,1106.66,'2024-06-26','Sell'),(540,36,2,5990,4415.44,'2023-07-13','Sell'),(541,26,2,2245,4855.67,'2021-07-14','Buy'),(542,32,1,9449,2191.41,'2022-11-13','Sell'),(543,48,3,651,3617.67,'2021-04-08','Buy'),(544,3,3,2507,2965.42,'2022-06-28','Sell'),(545,25,1,4912,320.82,'2021-12-12','Sell'),(546,38,1,7708,4759.76,'2022-05-28','Buy'),(547,3,1,3095,1915.23,'2021-09-27','Sell'),(548,12,3,864,4014.58,'2023-08-10','Sell'),(549,16,3,1,4878.41,'2022-05-31','Buy'),(550,39,1,8159,570.59,'2023-10-03','Buy'),(551,45,3,4237,3468.46,'2022-11-29','Sell'),(552,23,2,1924,3862.05,'2021-01-20','Buy'),(553,10,1,682,4703.25,'2024-02-16','Buy'),(554,27,2,1411,3388.57,'2023-04-05','Buy'),(555,44,2,2110,2709.52,'2022-12-20','Sell'),(556,43,3,4542,245.13,'2024-09-20','Buy'),(557,12,2,7255,4532.64,'2021-10-27','Sell'),(558,50,1,5436,4572.71,'2023-01-25','Sell'),(559,46,2,4995,2960.41,'2023-05-22','Buy'),(560,48,2,3157,652.66,'2023-10-05','Sell'),(561,49,3,8174,3220.56,'2022-12-31','Buy'),(562,35,2,6773,3559.64,'2022-09-15','Sell'),(563,14,2,3490,2630.65,'2023-10-25','Buy'),(564,29,1,8521,4738.75,'2024-07-28','Buy'),(565,49,3,5688,2626.59,'2023-03-23','Buy'),(566,2,3,6538,4958.33,'2022-08-17','Buy'),(567,25,2,7536,2901.71,'2023-06-11','Buy'),(568,44,3,1155,2565.09,'2024-06-05','Sell'),(569,2,2,7654,677.22,'2023-02-22','Sell'),(570,10,3,1997,3685.61,'2023-12-19','Buy'),(571,9,2,4525,3774.33,'2024-08-09','Sell'),(572,7,3,3470,2136.24,'2021-12-18','Sell'),(573,40,2,3591,3392.90,'2022-12-07','Buy'),(574,2,3,4356,857.12,'2023-03-04','Buy'),(575,49,2,1145,2683.12,'2024-02-20','Buy'),(576,1,1,2189,828.44,'2023-11-27','Sell'),(577,41,2,7631,409.75,'2023-08-31','Buy'),(578,5,2,4267,1613.91,'2023-12-21','Buy'),(579,12,3,349,672.13,'2023-01-10','Sell'),(580,24,1,5486,3807.75,'2023-07-05','Buy'),(581,13,3,252,656.38,'2023-06-04','Sell'),(582,13,3,746,1985.75,'2023-07-18','Buy'),(583,43,1,783,3287.21,'2023-01-22','Sell'),(584,48,1,8320,212.26,'2023-01-11','Buy'),(585,6,3,6129,3885.37,'2022-08-21','Sell'),(586,38,2,8097,2599.71,'2023-09-11','Sell'),(587,48,3,3852,3766.28,'2024-08-31','Sell'),(588,12,1,7743,3483.24,'2021-08-18','Buy'),(589,29,2,4888,2263.33,'2023-11-06','Buy'),(590,41,3,2746,1948.76,'2021-09-12','Sell'),(591,9,3,3842,4119.04,'2024-04-30','Sell'),(592,50,2,8505,3587.12,'2024-11-21','Buy'),(593,17,2,1538,641.71,'2023-09-17','Buy'),(594,1,1,3323,4113.71,'2024-01-26','Sell'),(595,17,2,2596,4263.52,'2023-05-03','Buy'),(596,26,2,5816,688.14,'2023-12-24','Sell'),(597,19,3,5050,1650.98,'2021-11-13','Sell'),(598,6,3,5416,4805.14,'2021-09-30','Sell'),(599,20,1,9448,522.04,'2022-10-27','Buy'),(600,25,1,1988,4137.43,'2023-05-09','Buy'),(601,40,3,2256,2519.03,'2021-08-31','Buy'),(602,2,3,33,303.92,'2022-05-22','Buy'),(603,43,2,6709,622.68,'2023-03-29','Sell'),(604,44,1,7067,2554.11,'2022-05-10','Sell'),(605,17,2,4774,410.98,'2023-03-24','Buy'),(606,14,2,26,1125.79,'2021-10-22','Buy'),(607,22,2,7485,4686.20,'2023-09-26','Buy'),(608,2,2,8155,790.50,'2022-04-15','Buy'),(609,20,1,5014,3662.41,'2024-03-02','Sell'),(610,2,2,1307,2307.29,'2022-06-28','Buy'),(611,47,1,2932,2929.32,'2024-01-15','Buy'),(612,10,2,1221,2699.78,'2022-03-28','Sell'),(613,5,1,1303,3414.95,'2023-10-19','Sell'),(614,37,3,8058,3906.17,'2023-05-04','Buy'),(615,5,3,6206,2606.91,'2024-05-13','Buy'),(616,37,1,5011,3341.72,'2023-07-11','Sell'),(617,30,1,5470,4324.40,'2023-08-08','Sell'),(618,3,1,1548,4491.04,'2021-08-20','Sell'),(619,5,1,4284,2907.84,'2022-05-03','Buy'),(620,1,3,8285,845.64,'2022-02-19','Sell'),(621,44,2,5444,1392.41,'2021-06-24','Buy'),(622,46,2,8300,4934.98,'2023-09-10','Buy'),(623,37,1,9586,442.97,'2022-10-15','Buy'),(624,30,3,8897,990.96,'2023-02-14','Buy'),(625,20,1,2159,2381.80,'2021-01-20','Buy'),(626,37,2,4857,3606.18,'2024-10-03','Buy'),(627,13,1,8537,2306.16,'2021-12-02','Buy'),(628,43,3,6104,1688.24,'2024-08-25','Sell'),(629,15,3,4215,3389.96,'2024-07-11','Buy'),(630,15,2,1935,3320.39,'2024-03-03','Sell'),(631,24,2,8595,1052.62,'2024-03-13','Sell'),(632,6,2,1238,2869.90,'2021-08-07','Sell'),(633,11,2,421,3237.36,'2023-06-02','Sell'),(634,7,1,8546,1673.89,'2022-03-12','Buy'),(635,9,1,4181,3068.97,'2024-11-21','Sell'),(636,23,3,8611,3032.17,'2021-10-23','Sell'),(637,44,1,8883,49.11,'2024-01-19','Buy'),(638,14,2,2680,4237.45,'2022-06-04','Sell'),(639,49,3,8851,2909.97,'2021-07-15','Sell'),(640,39,3,8186,4386.89,'2022-06-24','Buy'),(641,14,1,7883,1799.50,'2022-05-08','Sell'),(642,6,3,4442,527.93,'2024-10-15','Buy'),(643,18,3,9026,1563.35,'2021-02-11','Sell'),(644,5,1,6451,1470.96,'2023-05-19','Sell'),(645,8,3,3349,1738.05,'2024-03-03','Buy'),(646,34,2,5491,4750.59,'2023-02-26','Buy'),(647,31,3,2952,4934.16,'2022-05-09','Buy'),(648,6,3,5163,3854.36,'2023-07-31','Buy'),(649,1,3,2943,1583.59,'2022-12-04','Sell'),(650,38,2,1869,2542.78,'2024-01-03','Sell'),(651,37,1,1058,1255.70,'2023-11-26','Buy'),(652,26,2,4950,4681.19,'2024-03-30','Buy'),(653,34,3,8492,3318.47,'2024-10-11','Sell'),(654,38,3,579,3596.55,'2022-11-23','Sell'),(655,28,1,550,3178.35,'2022-11-13','Sell'),(656,12,1,6598,4420.37,'2024-03-30','Buy'),(657,9,1,7815,2384.64,'2023-01-15','Buy'),(658,47,1,9642,4590.60,'2023-12-31','Buy'),(659,8,2,9500,2211.42,'2021-07-27','Sell'),(660,47,3,4393,1759.23,'2022-11-10','Sell'),(661,10,3,8710,3089.25,'2023-05-17','Sell'),(662,1,2,2600,2539.84,'2021-10-30','Buy'),(663,48,3,981,2848.65,'2022-02-17','Buy'),(664,13,2,1609,3394.71,'2022-06-25','Sell'),(665,33,3,1092,123.46,'2021-01-04','Sell'),(666,44,3,6032,3355.49,'2024-06-05','Buy'),(667,40,2,8579,3372.13,'2022-10-15','Buy'),(668,18,2,9530,3780.89,'2021-12-01','Sell'),(669,37,1,543,4095.89,'2022-07-16','Sell'),(670,41,1,773,244.06,'2024-11-12','Buy'),(671,6,1,9837,2413.05,'2024-10-24','Buy'),(672,32,1,8738,4516.50,'2022-06-27','Sell'),(673,8,1,1934,1190.31,'2022-11-17','Sell'),(674,47,1,7283,4456.18,'2024-11-19','Sell'),(675,12,1,8030,235.93,'2021-03-03','Sell'),(676,18,3,1205,1630.23,'2023-06-27','Sell'),(677,30,2,1622,2527.67,'2022-05-18','Buy'),(678,4,1,10,398.70,'2022-07-29','Buy'),(679,2,2,3950,2864.49,'2022-11-08','Buy'),(680,22,1,9317,3545.17,'2023-01-16','Buy'),(681,43,2,4839,3907.29,'2022-10-21','Buy'),(682,10,3,6659,2851.87,'2023-06-01','Sell'),(683,48,3,4182,2353.04,'2024-05-31','Sell'),(684,16,1,3582,2737.54,'2024-02-21','Buy'),(685,43,2,2551,701.23,'2023-12-25','Sell'),(686,14,1,4199,3304.72,'2022-03-24','Sell'),(687,25,1,9718,4732.67,'2024-04-03','Sell'),(688,6,2,2158,2066.96,'2022-04-15','Buy'),(689,31,2,7061,747.02,'2024-04-22','Buy'),(690,13,3,7460,526.36,'2023-02-06','Sell'),(691,49,2,3983,4847.67,'2022-05-12','Buy'),(692,13,2,4302,1133.58,'2021-06-18','Sell'),(693,21,1,9483,1723.65,'2021-10-03','Sell'),(694,10,3,1949,1234.25,'2024-09-09','Sell'),(695,40,2,6448,1273.57,'2024-03-30','Buy'),(696,39,2,5267,3568.13,'2024-02-26','Sell'),(697,15,1,1594,3836.37,'2021-02-02','Sell'),(698,38,3,4786,1351.38,'2022-01-25','Buy'),(699,11,3,8223,1652.76,'2022-11-13','Buy'),(700,37,3,6182,734.24,'2024-01-26','Sell'),(701,41,1,2470,1722.55,'2024-01-12','Sell'),(702,9,1,8462,2410.40,'2023-05-31','Buy'),(703,22,1,8283,3326.84,'2022-06-07','Sell'),(704,17,3,1941,2899.85,'2021-08-18','Buy'),(705,4,3,8553,1846.75,'2024-04-25','Buy'),(706,13,1,8540,2835.33,'2024-07-02','Sell'),(707,48,2,9475,1118.70,'2024-07-14','Sell'),(708,46,2,4838,2523.23,'2023-07-15','Buy'),(709,23,1,4983,1821.20,'2024-03-28','Sell'),(710,31,2,3949,280.97,'2022-06-23','Sell'),(711,21,2,4802,3795.68,'2023-11-27','Buy'),(712,16,1,6595,4041.49,'2022-03-13','Sell'),(713,23,3,5145,1666.19,'2022-03-13','Sell'),(714,36,2,1745,807.33,'2023-02-12','Sell'),(715,29,3,7853,3190.01,'2024-05-12','Sell'),(716,30,1,1611,3090.38,'2021-09-22','Sell'),(717,10,3,5780,3407.41,'2023-01-22','Buy'),(718,20,1,4772,1261.65,'2024-01-18','Buy'),(719,49,3,2023,1248.06,'2022-09-12','Sell'),(720,28,1,5058,1188.12,'2024-08-03','Buy'),(721,8,3,5613,2912.06,'2022-11-23','Buy'),(722,22,3,7029,1911.40,'2022-09-22','Sell'),(723,13,3,2280,248.91,'2024-08-08','Buy'),(724,12,1,541,400.95,'2021-09-12','Sell'),(725,2,3,4183,1376.51,'2021-06-27','Sell'),(726,4,2,2812,2292.75,'2021-10-12','Buy'),(727,33,2,6493,2790.13,'2022-01-15','Buy'),(728,13,1,6025,1151.14,'2021-04-15','Sell'),(729,17,2,679,3688.31,'2023-03-19','Sell'),(730,34,1,980,2658.68,'2024-03-02','Sell'),(731,3,3,5924,2430.99,'2023-10-06','Sell'),(732,21,1,2957,2463.50,'2021-07-15','Buy'),(733,10,1,1103,4032.38,'2023-02-14','Sell'),(734,50,3,8169,2238.31,'2023-03-22','Sell'),(735,21,2,9384,4277.80,'2023-12-30','Buy'),(736,13,1,9257,3086.29,'2022-01-25','Buy'),(737,30,2,4812,2641.99,'2023-11-01','Sell'),(738,12,1,4208,3661.22,'2023-03-14','Buy'),(739,23,3,7149,3537.56,'2024-01-16','Buy'),(740,21,3,4722,4873.85,'2024-01-12','Sell'),(741,28,1,7870,2658.95,'2023-02-02','Buy'),(742,49,2,7259,1212.07,'2022-05-17','Sell'),(743,5,1,9609,3232.02,'2022-08-21','Buy'),(744,33,2,191,3671.18,'2022-11-06','Sell'),(745,8,2,5600,1534.23,'2021-04-05','Buy'),(746,7,2,1556,4517.68,'2024-01-26','Sell'),(747,38,1,634,495.33,'2021-04-04','Buy'),(748,19,1,3475,3901.84,'2023-02-01','Sell'),(749,37,1,8181,2789.24,'2024-09-30','Sell'),(750,21,3,5691,857.37,'2021-07-28','Sell');
/*!40000 ALTER TABLE `Transactions` ENABLE KEYS */;
UNLOCK TABLES;
/*!40103 SET TIME_ZONE=@OLD_TIME_ZONE */;

/*!40101 SET SQL_MODE=@OLD_SQL_MODE */;
/*!40014 SET FOREIGN_KEY_CHECKS=@OLD_FOREIGN_KEY_CHECKS */;
/*!40014 SET UNIQUE_CHECKS=@OLD_UNIQUE_CHECKS */;
/*!40101 SET CHARACTER_SET_CLIENT=@OLD_CHARACTER_SET_CLIENT */;
/*!40101 SET CHARACTER_SET_RESULTS=@OLD_CHARACTER_SET_RESULTS */;
/*!40101 SET COLLATION_CONNECTION=@OLD_COLLATION_CONNECTION */;
/*!40111 SET SQL_NOTES=@OLD_SQL_NOTES */;

-- Dump completed on 2024-12-07 16:35:27
