data_id,asset_id,date,open_price,close_price,high,low,volume
1,87,2018-03-21,7070.96,6079.38,2522.56,4695.43,689
2,104,2022-07-04,4163.59,9301.07,6348.72,4914.6,500
3,119,2013-05-01,5949.47,4599.8,6844.89,8863.18,250
4,148,2008-05-09,4588.74,1000.17,4133.9,8960.29,786
5,72,2015-04-06,8390.55,2143.58,4896.96,4519.06,662
6,73,2000-12-27,8648.25,830.6,2544.19,7449.92,455
7,110,2016-05-20,7295.17,7326.56,9199.6,7022.34,550
8,39,2007-01-18,7794.18,9420.77,4299.76,2637.68,660
9,60,2018-04-08,5743.45,6469.47,3923.72,6765.35,584
10,121,2018-07-04,8476.9,3337.48,9867.87,7244.68,770
11,7,2022-04-16,3448.8,4848.94,8141.89,9341.82,28
12,117,2012-05-25,6032.45,6679.82,5017.07,7746.14,458
13,85,2011-03-13,5011.93,9239.08,6676.1,6868.91,32
14,31,2009-04-22,8430.02,1237.63,4738.07,7731.16,502
15,2,2007-10-03,8449.15,9240.02,6025.25,6199.39,793
16,148,2015-12-12,7004.29,4930.85,5966.05,2814.43,914
17,4,2005-03-07,9658.84,801.93,6522.26,3154.2,740
18,67,2017-03-23,9832.09,4352.58,7987.92,8954.95,243
19,142,2011-01-21,7110.61,1492.43,8066.96,9195.74,810
20,61,2003-06-14,3053.77,2291.67,7039.44,3141.83,627
21,32,2009-06-23,7206.3,7776.21,8083.98,6231.5,312
22,84,2019-04-22,4936.87,2930.02,9378.96,7508.33,68
23,24,2000-06-09,4385.8,2008.9,3986.46,9258.39,409
24,28,2017-11-07,8635.5,5226.68,8775.01,9277.85,193
25,82,2018-09-26,9182.95,1573.27,3811.74,8485.79,612
26,84,2003-10-20,9488.09,8169.15,3042.17,2967.96,911
27,27,2014-03-23,6694.69,2886.07,8590.32,3457.62,639
28,147,2024-03-04,7564.92,1842.42,7789.29,7851.0,491
29,66,2023-01-07,3338.01,3566.03,8048.29,7047.13,451
30,121,2018-01-24,8794.99,4626.49,9015.47,4668.83,525
31,118,2020-01-07,8189.68,7005.59,4172.24,4627.75,397
32,16,2007-03-19,8901.97,6038.74,6579.75,9485.12,640
33,32,2011-02-16,3091.76,6334.71,3340.29,6509.59,114
34,119,2006-10-09,7143.98,8134.61,2625.24,5298.76,937
35,46,2012-04-11,4880.78,2214.03,4902.76,5566.37,695
36,138,2008-03-27,3147.77,2608.38,3651.35,5695.78,420
37,123,2023-07-09,3310.32,5829.94,5024.94,5346.02,320
38,89,2018-12-20,9292.1,9987.49,6387.39,5960.79,606
39,44,2020-03-13,9706.04,3674.3,5717.29,6858.82,478
40,19,2013-02-24,5529.57,1016.75,4020.44,6474.2,631
41,40,2017-08-06,2564.89,9747.49,4652.37,2614.56,403
42,85,2003-05-15,8230.7,8263.95,7498.51,6673.53,388
43,20,2006-03-11,4624.37,4608.48,6286.68,5342.74,672
44,108,2021-04-30,6162.3,8778.43,3379.19,5765.15,810
45,119,2020-12-26,4442.51,8461.42,8027.04,5828.5,773
46,48,2020-06-04,7587.0,188.25,5999.33,9575.17,143
47,66,2022-02-04,9804.02,4782.01,3880.61,8912.23,257
48,67,2015-09-12,5489.37,6630.91,3542.5,8480.32,559
49,31,2007-06-16,2575.54,2993.16,5680.01,5873.64,841
50,70,2008-03-27,6828.72,2635.61,2650.21,7251.93,847
51,131,2016-11-01,4064.3,8669.78,2654.09,7690.94,858
52,133,2011-05-02,6335.69,8737.54,8534.95,2681.02,60
53,30,2009-01-16,8423.21,1487.87,7539.41,2680.47,460
54,67,2009-08-07,9350.55,4020.15,4755.87,5946.16,811
55,28,2017-07-27,3050.25,9449.93,8129.27,6486.09,261
56,24,2019-08-21,7320.17,4638.52,7655.35,3115.0,996
57,112,2008-08-18,9927.3,9912.5,9790.61,6455.51,162
58,121,2022-08-29,9151.2,3427.46,6070.35,3998.13,845
59,118,2004-05-02,9250.62,8479.58,3622.47,6661.08,84
60,91,2022-07-28,2576.41,7530.24,8396.05,9198.69,730
61,106,2022-05-18,5281.48,3.44,5239.23,5895.58,869
62,23,2007-09-04,5295.6,2672.43,9956.43,3994.48,143
63,143,2019-03-19,6829.45,4651.77,8358.32,6060.67,107
64,125,2001-12-20,4307.01,4685.04,9070.61,4386.84,937
65,27,2005-10-24,4688.89,5312.96,8051.37,9885.57,887
66,147,2021-10-05,9833.85,5453.15,4209.62,3627.98,328
67,141,2013-12-25,7108.32,1143.43,9166.52,3333.34,778
68,64,2006-10-13,4474.05,8248.13,8398.02,9494.74,743
69,145,2013-12-17,5345.78,2881.67,5469.22,4028.35,112
70,33,2021-08-22,6215.37,3906.53,3873.32,5461.94,349
71,130,2013-01-20,5435.75,1388.22,7952.41,5089.54,298
72,106,2015-12-03,9489.13,9347.65,9531.27,4442.32,481
73,97,2019-05-20,3083.88,7382.05,2606.39,6894.81,249
74,135,2022-09-15,4980.73,3536.58,9364.58,7945.66,736
75,13,2008-08-27,6337.59,136.69,3515.39,2871.48,755
76,52,2021-05-20,4594.42,1467.82,3375.08,6783.9,45
77,88,2008-07-06,9363.91,2022.32,8862.21,6481.93,764
78,7,2013-07-12,3020.9,7983.91,6079.08,9864.29,863
79,71,2018-12-13,4623.08,3073.19,9769.11,8332.97,555
80,64,2011-06-08,9780.38,730.37,6833.54,8225.34,759
81,42,2018-01-16,4780.95,3850.64,8755.68,5712.71,953
82,103,2021-05-28,7434.59,9861.72,5351.5,8000.74,778
83,45,2007-09-14,6000.93,3269.45,5123.22,5047.07,84
84,28,2004-04-05,5565.02,7174.94,7355.99,6845.4,995
85,134,2007-01-30,9808.49,7869.57,5031.36,6797.2,734
86,114,2002-08-14,6200.13,9413.87,2626.52,6755.24,764
87,84,2014-10-03,6257.01,3486.04,6404.23,7854.42,453
88,96,2001-09-06,7956.74,1953.02,7670.24,2597.39,3
89,76,2019-12-29,3120.06,5353.59,7617.15,7798.43,378
90,92,2015-11-24,5353.16,4523.35,6157.55,5225.23,995
91,81,2001-07-27,4806.91,2623.63,3876.96,7408.34,179
92,147,2023-12-26,3307.72,7699.97,5703.11,5103.45,481
93,6,2006-02-04,5560.27,3404.58,2734.74,6530.96,560
94,23,2017-12-05,7705.59,3316.22,6141.11,3194.73,465
95,112,2009-04-05,5896.48,4325.57,5267.16,5996.05,641
96,37,2017-10-29,9953.77,6184.18,4903.37,4852.45,37
97,105,2005-02-15,9951.79,3622.83,3179.78,6137.22,6
98,101,2007-02-10,7680.48,764.45,9781.03,9246.18,439
99,39,2013-12-20,3789.37,5557.59,4709.16,6228.51,346
100,140,2011-03-15,5167.44,512.05,3292.4,5461.35,458
101,75,2021-08-14,7668.68,4016.92,9835.18,7713.89,609
102,45,2010-09-23,7278.59,3938.26,7343.05,4869.45,482
103,64,2011-03-04,8676.45,9591.78,2821.52,7843.6,390
104,111,2014-09-20,6731.88,2538.8,7234.87,8336.87,197
105,77,2024-04-02,7754.68,8346.06,3414.37,4685.63,722
106,149,2003-02-03,7163.28,1604.8,9125.67,3511.63,11
107,131,2005-05-10,4539.86,5389.52,7570.09,7559.9,976
108,141,2005-02-24,6607.58,5935.92,5701.34,6160.1,508
109,144,2012-06-22,9797.66,7494.76,2555.03,8217.64,118
110,77,2015-05-08,6108.23,9177.11,6368.52,4023.33,68
111,56,2023-12-25,4764.97,970.38,8519.86,7739.23,83
112,85,2018-09-19,8230.3,9903.97,3000.31,9991.01,199
113,32,2012-07-09,7258.94,6398.79,9236.36,7237.44,68
114,84,2001-10-01,4104.32,3952.47,5418.45,5762.99,356
115,38,2018-09-14,4832.03,838.11,7583.3,6868.37,97
116,34,2019-10-08,3601.11,3904.19,6119.36,4801.9,880
117,127,2012-12-22,8491.01,5181.11,3041.91,9617.69,505
118,32,2018-09-29,3661.56,8650.01,2542.09,4820.95,901
119,91,2002-07-21,4062.27,4079.93,6507.71,7366.32,579
120,76,2004-07-09,7905.41,3911.65,2957.19,9411.56,283
121,91,2018-10-14,2887.7,2910.45,9006.79,8589.56,901
122,18,2021-05-21,6136.09,8089.8,4818.61,3848.75,847
123,124,2017-12-11,8834.91,4471.56,7165.46,7684.6,581
124,48,2008-12-12,4165.69,3405.09,4022.07,9772.93,529
125,110,2012-09-09,3745.68,2570.02,3802.83,4864.9,791
126,143,2000-04-23,5004.32,7099.9,3428.76,6195.93,249
127,66,2004-03-30,2538.03,5346.63,7691.23,7192.33,701
128,16,2013-01-03,4039.62,4477.11,3243.71,8847.64,184
129,149,2011-09-30,7404.19,9283.16,7704.14,8089.1,771
130,24,2013-10-20,8084.0,3589.6,4361.05,9210.26,805
131,73,2018-04-21,3113.54,826.81,9995.24,4223.63,91
132,133,2016-02-07,9790.05,1745.38,3447.01,4426.26,837
133,64,2015-11-15,8667.07,7489.24,4571.97,2512.5,545
134,90,2015-12-11,9546.54,8294.73,8719.21,2713.34,166
135,120,2012-04-11,4209.92,6551.25,6912.8,9250.57,154
136,148,2016-12-20,3956.31,43.68,5154.12,6377.67,125
137,18,2023-04-09,8147.16,7315.15,6763.94,4947.77,59
138,39,2008-08-06,8113.4,6330.53,5556.72,4227.95,836
139,57,2019-06-18,5119.85,8746.28,7115.39,9072.0,318
140,27,2016-10-06,8304.95,3911.1,8630.47,5191.53,898
141,70,2004-07-26,3809.11,3990.33,9511.53,4843.99,822
142,69,2004-06-30,5864.53,2426.65,7248.42,9888.88,471
143,14,2012-08-27,7186.27,36.56,6561.93,4455.74,478
144,54,2016-09-11,7238.3,3681.03,4036.07,7187.17,895
145,82,2020-08-17,9961.81,7370.15,7517.16,2769.59,529
146,103,2010-06-30,9354.72,96.33,3098.71,6497.72,9
147,45,2008-04-09,3585.89,3936.23,5753.79,6529.89,770
148,119,2008-03-06,6349.76,16.2,4081.22,5946.56,242
149,54,2011-10-29,4420.11,9654.56,2871.46,5966.3,695
150,97,2013-12-28,8309.78,9488.42,5801.87,6026.78,911
151,92,2014-05-16,2621.13,329.69,3440.16,8567.71,762
152,149,2011-11-09,3814.89,5120.08,5682.1,4218.03,140
153,13,2010-07-15,2818.92,3513.23,6457.24,8505.27,28
154,51,2020-04-12,2790.87,8921.43,9541.67,7849.26,842
155,109,2015-01-30,2637.74,4470.61,8867.57,8904.76,780
156,79,2014-10-19,7696.58,8609.34,5110.19,9743.61,65
157,51,2011-07-01,9295.24,5290.94,6339.14,4469.5,807
158,68,2011-06-24,8595.5,462.41,5317.21,6087.71,415
159,32,2014-07-16,5990.19,4787.7,4220.45,5065.73,990
160,60,2019-12-26,3924.23,4190.68,8924.09,5775.78,492
161,120,2016-08-07,5498.28,4250.32,8729.47,8860.27,914
162,119,2013-10-30,7855.81,8169.51,8960.26,9159.66,374
163,130,2004-09-02,5417.85,4830.49,3299.0,4787.36,206
164,126,2016-04-18,2921.6,8593.39,5460.19,6086.69,42
165,89,2014-04-30,3932.44,8638.79,3065.73,5241.02,61
166,120,2016-10-17,6402.79,9050.15,9076.92,7651.71,970
167,19,2020-09-15,8517.58,7580.99,9120.17,7883.59,204
168,149,2017-06-09,3269.71,2614.12,6581.27,6162.84,715
169,125,2011-09-29,3538.43,8465.12,5990.6,5724.87,773
170,134,2013-08-22,6878.21,5422.95,7114.41,3801.5,311
171,26,2023-08-11,8077.32,3484.37,6292.3,7832.96,465
172,14,2013-07-10,8802.87,2817.64,4358.01,3749.6,767
173,121,2016-04-18,2815.68,2709.71,9087.5,7348.6,620
174,29,2012-08-08,7972.26,270.6,8623.51,6071.53,99
175,103,2020-03-03,5282.49,2106.0,6010.6,3814.21,982
176,116,2014-06-10,8837.81,1700.59,5499.55,3152.57,686
177,80,2005-07-30,5323.42,9553.29,4651.88,9095.9,301
178,41,2014-04-13,3578.19,3268.24,9531.25,9242.06,5
179,56,2007-08-15,7330.9,9764.38,7425.49,3825.44,74
180,96,2012-11-29,7771.45,6495.3,8378.69,7412.87,559
181,135,2019-07-27,7031.74,506.93,7765.88,3204.16,41
182,142,2006-04-22,8275.89,3019.07,7592.67,3522.22,93
183,102,2008-05-18,6801.13,2302.03,8173.98,2914.7,813
184,90,2005-05-30,4170.92,2357.24,6102.79,7448.26,367
185,82,2000-10-04,7068.7,2057.14,4507.95,9565.82,739
186,11,2020-11-28,5335.6,72.96,7967.76,8932.72,840
187,124,2017-07-24,7843.96,2883.76,4170.66,8268.44,206
188,134,2014-10-16,8504.56,3725.1,6148.35,7811.9,315
189,55,2000-06-08,8326.74,4743.75,6355.21,7711.59,835
190,9,2004-12-13,9799.91,979.16,7350.88,5707.12,481
191,127,2021-11-29,9194.85,3318.9,6231.54,3752.98,38
192,123,2012-05-29,8679.47,9444.96,3209.79,3995.92,961
193,113,2014-03-02,7227.43,4173.69,6143.85,4303.17,715
194,64,2019-07-30,4964.31,8556.51,5569.03,4033.14,439
195,23,2013-04-24,8746.94,7817.16,4554.34,7209.1,62
196,136,2018-06-23,2695.84,7454.8,6030.16,7494.31,448
197,85,2001-08-11,5791.75,9769.22,5523.37,7890.65,409
198,38,2017-12-01,7485.65,8036.15,3694.58,3656.18,298
199,85,2016-05-05,3262.17,1811.55,7643.47,5907.62,863
200,37,2015-10-29,6719.07,4487.84,3734.8,6174.15,467
201,101,2013-02-23,5236.9,3877.99,6802.97,3555.64,147
202,66,2019-10-15,3323.85,9424.78,4821.12,9389.57,660
203,77,2018-06-14,9181.3,1225.17,8740.67,5394.94,714
204,74,2002-11-03,8554.61,3185.5,9399.66,8025.12,711
205,104,2011-12-01,9123.11,565.36,7155.75,3579.75,467
206,112,2020-10-13,4378.95,4825.86,2989.06,3132.69,666
207,28,2018-08-15,9240.14,7501.79,9473.41,4037.5,478
208,32,2004-01-04,7021.41,2501.79,5297.28,3890.51,744
209,131,2019-04-19,6850.42,2015.9,8423.76,8958.9,939
210,121,2000-03-15,2555.27,7927.09,8745.84,6031.4,669
211,29,2023-06-28,2952.14,5002.15,6855.47,5942.75,658
212,137,2014-10-22,4999.58,1677.93,9328.73,3949.36,571
213,92,2003-09-25,8442.16,5188.2,8744.33,8617.64,19
214,90,2007-03-13,5683.24,9871.68,8709.75,4094.12,369
215,22,2015-05-07,6159.11,7164.45,3647.6,4824.23,462
216,5,2000-01-18,2557.01,6328.31,9202.39,9860.12,971
217,12,2007-10-14,7078.79,5275.56,3973.26,2851.84,306
218,16,2020-12-24,7024.38,8543.42,6546.49,3919.28,429
219,84,2011-11-13,4178.98,7768.27,9890.54,6650.81,993
220,85,2000-03-17,6254.67,2919.04,5395.13,9984.17,875
221,102,2003-02-11,4311.19,8389.96,5457.81,7140.59,672
222,49,2015-11-06,7783.54,7617.07,5384.1,7419.11,187
223,106,2011-04-23,6000.7,8189.24,4109.74,3345.21,738
224,60,2000-05-20,7824.8,9839.4,9044.01,8257.2,633
225,125,2024-10-06,4153.36,4566.47,6311.34,9299.53,432
226,11,2014-08-18,8133.35,1006.3,7609.55,3902.49,218
227,97,2019-07-19,6145.21,760.86,3771.98,8510.76,404
228,36,2005-05-25,7556.83,4948.33,9051.91,4822.46,740
229,13,2024-01-19,5075.98,4332.21,5414.23,4415.78,754
230,23,2017-05-15,8856.26,3110.73,6429.47,8892.42,175
231,93,2009-05-25,8074.57,9214.5,4066.59,9552.39,709
232,43,2016-05-30,4190.51,149.6,6843.99,7918.94,149
233,43,2004-03-08,4609.88,1289.5,3408.3,3348.55,976
234,34,2018-11-11,6713.48,1183.04,6912.12,4905.27,27
235,39,2021-05-04,9691.41,20.71,3793.86,7354.25,522
236,90,2009-03-22,2991.93,845.67,3248.35,8140.03,870
237,68,2005-08-22,3496.83,9972.42,5048.75,7683.0,248
238,51,2004-05-06,8776.01,6216.91,3881.5,8793.31,573
239,80,2017-08-13,3431.55,4268.42,4467.65,9225.63,221
240,17,2011-07-14,5034.59,4349.69,9379.45,2591.69,851
241,39,2002-09-05,8681.96,9758.76,3892.91,5824.46,391
242,61,2020-03-08,7752.13,6393.93,9078.6,7681.61,216
243,142,2011-07-25,7993.74,3160.24,7740.23,4748.5,926
244,83,2010-01-16,5288.28,139.75,9378.73,8277.18,191
245,99,2014-11-02,7041.99,774.27,4149.85,6572.57,540
246,65,2020-11-26,5784.6,6577.21,3956.35,5865.86,104
247,52,2015-10-26,7661.99,4756.76,2974.36,9604.82,78
248,38,2010-03-25,6286.31,5796.31,9727.7,9072.73,98
249,24,2007-10-27,9590.34,8774.37,5316.38,6202.53,209
250,115,2005-03-24,6907.4,6230.84,6009.32,9124.34,377
251,51,2017-12-22,3318.88,2111.7,7969.93,5657.01,421
252,10,2008-03-09,4922.13,2556.95,3068.49,3643.11,164
253,69,2014-08-25,2714.33,2811.11,3592.5,9325.07,949
254,13,2020-10-04,3408.0,9825.62,6427.14,4134.2,629
255,41,2023-07-06,5764.55,879.48,8753.21,8657.85,992
256,62,2017-09-12,4430.5,2689.46,4398.23,6453.52,304
257,104,2007-02-19,8950.74,6317.97,5435.93,4809.1,252
258,104,2010-05-07,8777.78,2785.39,3364.3,2891.45,590
259,56,2021-04-13,7092.85,1293.97,5371.62,3513.51,201
260,128,2013-07-20,4575.53,6038.85,8906.51,4705.43,610
261,118,2013-03-19,5760.15,7675.61,2532.51,4816.96,129
262,43,2008-03-08,6830.49,5481.39,8782.57,4614.44,202
263,124,2024-03-04,4032.01,3325.95,2846.66,4369.06,376
264,126,2019-01-08,8976.31,106.3,4754.51,3441.71,872
265,58,2013-03-19,9722.68,7798.71,5413.97,7166.53,686
266,20,2006-05-11,2546.54,964.05,5944.59,2599.44,902
267,41,2019-11-11,9891.03,6743.67,4709.23,2618.97,666
268,137,2021-12-27,8992.13,8770.13,4870.3,7907.11,812
269,11,2012-01-19,9435.66,2629.17,9452.02,3171.53,273
270,132,2009-07-24,8617.26,6153.37,4777.05,5855.86,988
271,16,2007-06-02,3430.91,8240.18,6610.14,6382.66,664
272,145,2004-01-24,3755.54,1886.19,9577.23,6799.23,84
273,39,2015-10-21,5914.35,1569.56,3001.1,6609.29,950
274,14,2020-02-17,7775.34,9878.82,8393.96,9206.79,314
275,4,2018-06-28,8029.94,4207.22,6698.61,5876.14,300
276,92,2011-07-03,3981.57,2572.52,7256.37,4244.71,488
277,79,2020-01-01,8481.84,9991.29,5365.96,5948.03,684
278,51,2004-06-28,7767.65,3848.22,7784.38,7611.95,970
279,61,2014-06-26,6817.99,267.72,3811.64,8847.04,170
280,74,2005-06-30,5902.47,7954.47,7332.29,6292.0,528
281,12,2017-10-17,4513.58,5722.24,7098.53,5993.43,180
282,102,2002-04-15,3780.88,6729.84,8509.49,3059.58,497
283,27,2017-02-07,5293.15,7650.06,9775.56,7195.65,257
284,100,2020-02-17,5394.2,660.17,7829.79,6217.25,654
285,93,2013-05-09,7267.83,3749.1,5359.09,6955.49,178
286,21,2022-01-24,6295.5,2948.67,2593.8,4227.8,26
287,61,2024-03-19,3152.16,2900.08,8960.43,5589.23,113
288,39,2018-08-11,8370.09,4950.97,4955.23,4021.18,178
289,63,2006-09-23,2688.41,7477.37,7004.76,9685.44,666
290,60,2010-12-14,3975.79,7089.55,5032.03,3277.34,33
291,146,2004-09-19,6575.36,3766.45,2608.53,8637.32,683
292,40,2024-07-17,5179.51,5599.85,7732.3,8086.97,358
293,30,2013-10-21,6579.37,2173.95,4257.06,5427.18,422
294,124,2020-09-21,7896.21,9190.68,5509.08,2639.88,866
295,115,2002-09-01,4690.31,5853.4,5760.58,3560.73,583
296,86,2006-07-04,9117.08,2225.14,3444.15,9216.07,908
297,39,2003-10-25,8773.98,1296.25,7993.59,7692.02,83
298,67,2016-11-24,9857.22,9549.53,8020.43,5228.76,482
299,144,2005-01-21,3519.35,9879.0,7277.4,3051.78,429
300,126,2005-01-10,3161.11,3702.37,6907.86,3438.51,597
301,118,2004-06-05,8113.21,8323.92,2996.28,8546.29,618
302,11,2015-11-16,6352.03,6655.65,5588.19,2799.55,487
303,47,2003-04-18,8314.84,8462.77,7156.84,2539.55,100
304,127,2013-10-11,7543.87,6918.88,7001.02,4135.2,277
305,47,2024-04-21,9407.82,515.89,9780.3,7032.92,503
306,129,2022-05-16,6417.11,3728.21,7165.8,5041.25,697
307,147,2012-06-17,9124.6,3615.49,2535.99,6373.12,63
308,17,2023-03-10,9109.37,2596.99,4574.67,8393.08,324
309,147,2004-05-15,4840.91,5671.96,8559.04,4392.36,178
310,16,2002-10-28,3847.89,4773.0,9233.43,2646.69,209
311,7,2014-11-25,6356.18,182.18,6141.5,6575.5,799
312,1,2013-05-08,5498.49,5858.96,4760.32,5267.63,493
313,146,2017-09-19,6633.43,2093.76,9402.56,6007.91,559
314,39,2010-05-17,5348.3,4333.66,6644.07,9737.93,879
315,64,2010-04-12,3118.03,4480.24,3575.61,6135.3,305
316,11,2009-05-13,5400.18,3084.06,6630.75,4415.5,759
317,34,2010-01-29,9008.42,3363.7,9172.98,7796.67,473
318,10,2009-01-18,9315.28,1768.68,7627.99,2649.37,426
319,61,2005-01-03,6351.06,8363.27,3783.4,8036.4,42
320,113,2000-01-25,7382.83,1981.55,6349.7,6797.12,721
321,16,2020-01-16,3751.07,8583.87,3045.4,9026.81,787
322,115,2005-03-17,4728.68,73.18,7543.47,3768.43,651
323,81,2018-02-26,7047.13,8614.94,6372.83,5393.41,124
324,24,2012-11-20,4027.49,69.19,5463.83,4101.87,571
325,79,2011-07-23,9447.3,9897.53,2529.22,3202.85,530
326,139,2000-08-05,9516.84,4129.74,3953.78,8297.13,332
327,4,2011-07-13,3693.53,5515.88,9728.98,6554.79,166
328,27,2024-10-16,7828.57,3138.55,5651.57,8888.41,497
329,54,2000-08-19,3169.28,6001.53,3680.05,6975.38,689
330,86,2011-11-18,5308.46,5021.73,3544.68,7906.9,961
331,132,2021-12-21,5532.66,2899.83,4478.62,5999.96,651
332,13,2001-11-30,6705.27,904.65,2721.74,2901.18,151
333,119,2002-08-30,2710.37,5264.46,9955.48,5594.14,157
334,14,2001-09-25,4413.16,8959.47,7220.01,6322.63,124
335,150,2021-11-21,7297.81,2670.35,5978.68,8076.55,905
336,72,2023-12-09,4243.89,2511.93,3365.53,8704.79,247
337,24,2000-06-10,3536.94,8468.53,5997.31,2955.61,448
338,145,2020-01-24,9696.6,9789.04,4709.32,6156.91,682
339,108,2016-07-17,8148.37,683.01,6938.28,5654.9,989
340,100,2009-03-17,6107.76,7528.1,5584.83,7727.99,30
341,52,2013-05-04,4887.66,6070.69,9657.48,4862.25,746
342,120,2012-03-09,4563.54,5586.28,4637.95,7331.87,105
343,8,2013-04-03,5865.2,356.91,5454.94,3431.02,772
344,27,2007-02-19,7870.31,1563.97,3439.35,9503.17,760
345,129,2002-12-19,6283.48,4856.73,7773.7,5212.62,525
346,126,2013-04-05,2555.6,5763.79,5627.78,6106.33,217
347,28,2005-08-13,9148.19,7524.06,4853.79,5459.27,851
348,90,2014-06-04,3390.38,8234.8,4568.02,3619.1,311
349,73,2024-03-19,6630.94,8193.1,4122.87,7351.45,175
350,64,2019-09-26,6586.99,6437.55,4830.2,4327.82,332
351,92,2016-09-17,3563.11,6635.71,5527.79,7311.26,270
352,23,2014-05-04,5173.5,4608.59,6839.05,5385.8,478
353,3,2004-11-13,9607.75,1869.75,3245.79,8864.99,691
354,77,2021-09-08,6240.0,9247.19,4627.2,3795.68,542
355,54,2015-04-29,4684.87,2686.26,3609.34,6943.4,167
356,58,2016-12-12,8777.54,831.86,2767.44,7842.65,296
357,58,2024-02-02,2742.04,7163.71,6387.9,7663.35,27
358,125,2002-12-30,9735.67,7614.04,5002.82,9536.41,345
359,144,2009-12-10,9608.17,1111.98,5783.96,9329.85,865
360,92,2018-03-04,9892.1,8519.48,6412.55,7872.83,560
361,6,2000-06-26,9049.53,2736.07,3128.36,5588.47,707
362,37,2012-03-17,6581.39,5022.64,6418.51,9277.12,953
363,132,2012-06-03,8681.9,666.25,6155.25,8395.35,167
364,117,2006-09-01,7749.71,6227.18,4033.97,5368.64,862
365,74,2005-02-11,4736.84,9572.77,4016.38,7102.86,860
366,74,2010-08-17,9922.24,5532.81,5675.42,9607.47,671
367,28,2010-08-31,4705.22,7087.6,4435.04,4248.44,600
368,77,2012-10-01,4784.35,2212.18,6122.7,4449.06,715
369,87,2003-02-18,5320.62,806.23,3111.34,7682.69,235
370,52,2012-04-20,5705.18,3003.0,9399.25,7441.76,751
371,60,2002-12-31,2633.09,9892.73,6941.19,3477.74,453
372,140,2019-10-12,4508.63,2036.1,5275.7,5223.63,699
373,110,2012-02-26,4088.03,9995.33,6809.59,2599.72,409
374,39,2019-05-27,6218.9,3471.52,5881.76,2747.66,612
375,133,2017-08-02,5221.28,1449.41,5159.95,9725.93,109
376,55,2001-04-27,6527.53,4828.2,6864.84,8127.86,258
377,30,2000-06-15,7294.69,8162.32,7825.51,8103.94,241
378,66,2002-07-17,4239.84,3314.07,7628.13,6055.68,332
379,94,2001-07-31,3085.2,396.9,9591.49,5271.89,888
380,43,2019-05-01,5725.86,1628.07,6578.14,5822.85,950
381,71,2003-05-18,5633.07,4135.37,7602.2,8193.16,383
382,129,2004-10-25,7159.61,9596.31,3214.7,6453.24,509
383,7,2010-08-29,9890.38,2745.13,6554.71,3127.45,687
384,83,2007-06-24,7935.89,1842.88,5402.07,8491.42,951
385,66,2013-03-28,9541.95,3647.55,3280.69,9095.48,671
386,139,2007-05-09,4095.68,7044.13,8678.33,3586.31,488
387,46,2021-08-14,4843.62,9793.52,4778.44,3687.74,691
388,41,2015-10-24,9123.65,5970.17,9955.24,4059.87,488
389,6,2001-02-07,3052.87,7078.83,4446.64,7385.37,134
390,47,2007-05-21,4950.07,9725.17,9115.79,9816.49,22
391,109,2000-01-09,9698.94,331.47,4244.39,6493.28,760
392,76,2023-10-25,2782.39,7147.2,4102.22,4066.21,671
393,95,2023-01-07,7317.1,1453.42,4830.18,5220.76,649
394,97,2005-08-12,4819.84,5333.18,9771.66,6257.05,62
395,89,2015-07-18,9960.43,1070.56,8949.39,3535.82,144
396,2,2000-12-18,7503.57,1465.17,2690.41,2804.3,905
397,93,2011-07-30,3055.31,2699.89,8600.1,4563.63,176
398,84,2017-01-02,9345.19,4584.61,2778.96,8747.56,56
399,73,2002-12-17,8753.19,8626.83,6973.76,6009.65,694
400,87,2016-10-12,5131.78,7720.35,5817.08,2691.81,283
401,140,2020-07-18,9389.86,7149.06,7192.02,9307.48,385
402,61,2001-06-12,5221.45,8219.8,7912.18,8539.88,10
403,46,2017-07-08,8723.74,2469.13,8010.41,3119.44,732
404,132,2014-08-03,7673.65,3545.99,6668.68,7440.03,438
405,34,2000-06-30,6976.59,3620.1,3013.48,4904.35,596
406,118,2012-12-28,7554.03,1803.86,3439.93,4595.65,30
407,51,2018-02-25,3793.97,5869.1,8107.78,4547.93,533
408,8,2008-11-14,3179.97,7880.45,5140.01,3330.17,738
409,80,2002-12-26,8797.74,1941.95,7643.93,9768.19,612
410,47,2011-04-28,8560.81,7726.16,6705.82,2583.68,201
411,69,2015-08-24,7886.84,5492.05,6997.65,8941.01,178
412,80,2010-11-11,4626.14,70.99,7414.81,3920.66,78
413,102,2013-11-22,8006.73,5226.21,7856.87,4608.93,670
414,73,2016-09-26,9971.98,6571.25,7438.76,6442.43,547
415,87,2014-04-13,6621.37,8145.19,9051.66,5328.43,216
416,126,2023-09-29,5739.76,3613.55,9702.87,5317.83,86
417,1,2010-03-21,7705.07,8319.1,4443.76,9805.97,879
418,27,2001-08-20,3071.45,6694.85,7556.96,6290.34,961
419,83,2013-09-30,3690.82,8079.96,4305.92,8790.82,608
420,59,2015-03-11,9278.62,1566.37,3237.54,8554.12,929
421,127,2008-02-14,7128.27,5340.99,3774.53,4274.63,720
422,142,2013-06-19,6192.88,4449.7,4177.71,7904.51,55
423,139,2005-03-12,4775.94,5388.59,3861.62,7076.58,615
424,2,2021-11-09,7765.67,7961.29,3845.11,2711.96,202
425,29,2015-04-11,2806.56,9271.6,3233.52,6443.0,14
426,38,2023-06-27,7720.58,6082.82,9688.55,5955.16,183
427,77,2020-03-22,8969.11,7869.25,8903.39,2843.66,87
428,14,2009-04-29,9764.22,7775.4,8450.51,2655.33,143
429,61,2013-11-25,9846.18,7335.34,6323.95,7476.02,593
430,2,2008-02-26,4662.33,2702.51,7924.14,4087.5,806
431,143,2003-01-25,9011.82,2848.59,3004.43,6299.68,180
432,19,2015-10-12,4864.64,2263.44,9419.32,8017.7,1
433,98,2000-07-04,4169.9,2190.84,8508.88,5259.77,280
434,66,2015-10-12,2793.51,9705.12,4183.39,4924.2,105
435,142,2012-08-05,4031.21,8771.81,6642.55,7007.93,778
436,93,2000-09-21,3407.35,7655.09,9829.11,4366.03,413
437,2,2004-10-26,9870.07,4959.27,7509.71,9760.44,36
438,75,2007-01-03,9989.27,8691.02,7396.5,7987.85,854
439,15,2007-10-29,8345.87,3443.57,6900.98,5018.04,717
440,22,2016-07-14,7894.83,8873.3,6088.08,8803.48,412
441,4,2024-12-01,8962.12,9371.03,3634.84,2616.12,40
442,78,2020-05-31,3684.0,8856.5,9847.25,4892.15,910
443,53,2017-09-05,8346.2,1025.95,7008.26,4383.04,401
444,81,2018-09-15,6924.78,976.28,2632.19,5677.33,681
445,88,2014-03-11,9513.04,4944.83,8085.66,7384.05,565
446,26,2018-07-06,9412.0,7638.79,8930.81,5664.17,703
447,43,2005-08-13,6491.73,5048.93,3797.53,5575.55,911
448,98,2021-01-04,4931.69,9587.22,7477.33,9635.75,833
449,120,2001-05-07,5648.75,712.22,6281.33,7240.9,323
450,54,2015-06-02,6418.62,2475.12,7011.9,7841.25,475
451,91,2012-12-01,9372.25,3708.3,3720.55,4826.95,553
452,150,2019-05-08,6929.58,2135.86,7582.03,5142.65,553
453,2,2024-02-07,4301.23,4555.98,4880.42,7472.02,833
454,147,2015-11-14,4626.37,6423.97,5443.57,9327.98,246
455,8,2005-03-07,9102.45,5019.13,4227.12,8571.3,358
456,89,2012-06-21,9834.87,3453.71,8838.75,6146.44,174
457,37,2011-05-21,5508.71,6096.21,2735.87,6565.52,150
458,55,2008-06-23,9369.71,1659.55,6732.41,4420.6,879
459,112,2012-08-16,6846.63,276.4,8166.85,8639.92,726
460,94,2000-06-26,7189.03,4693.6,3261.31,2828.87,79
461,30,2023-01-07,3820.71,6314.71,6060.35,7013.88,956
462,115,2005-08-05,9108.94,9370.15,8733.92,8833.81,814
463,41,2023-10-15,8697.18,649.55,2604.99,9101.58,221
464,55,2016-10-28,5633.43,6612.12,5589.09,8376.9,705
465,135,2011-01-21,7406.27,7975.04,5614.6,3491.91,979
466,134,2016-03-04,7346.07,6023.82,8971.08,5741.72,257
467,106,2007-12-24,7518.44,6497.87,9603.48,2656.86,138
468,143,2000-07-16,4999.96,1812.56,7034.4,5632.18,674
469,6,2019-08-01,8465.17,6700.79,7644.53,2605.93,109
470,11,2005-09-16,3587.78,9260.38,9173.64,9894.05,397
471,140,2012-06-09,7033.4,787.65,3786.59,8632.57,224
472,78,2012-04-23,9046.75,1826.64,4925.95,9076.86,581
473,22,2003-12-31,3699.4,5384.25,8642.51,8022.49,578
474,136,2002-09-08,2761.38,7094.71,4555.14,7306.77,563
475,145,2000-10-03,9491.8,9270.78,4501.95,3895.13,812
476,43,2012-07-19,6414.74,8316.83,3820.36,3928.64,278
477,83,2000-06-17,7870.02,4348.65,8572.46,3296.19,832
478,64,2011-06-07,2938.45,3885.41,7990.21,5989.96,681
479,63,2014-05-24,6944.52,9.06,7625.84,6932.12,248
480,2,2008-11-29,7337.63,3770.7,5923.85,5126.81,730
481,132,2008-08-17,3028.18,8935.32,4426.12,2589.55,521
482,62,2003-04-10,7852.48,2444.75,4340.63,5502.24,732
483,15,2008-12-09,6940.5,171.95,9301.05,5948.94,272
484,70,2002-11-16,4587.09,4788.75,8365.69,4094.66,905
485,53,2004-03-27,9482.66,9895.43,3474.15,6234.43,449
486,140,2007-02-24,5716.08,7631.04,6770.45,7546.73,408
487,68,2010-12-09,6572.33,9826.57,4724.09,6053.48,956
488,126,2020-01-05,8469.58,471.2,9411.78,7112.03,467
489,67,2010-12-26,9839.82,5233.11,3193.4,5026.07,411
490,34,2006-04-08,2797.15,6093.98,4591.97,9661.67,617
491,36,2014-02-19,7164.05,1817.1,4603.63,8542.46,647
492,149,2003-09-18,6022.4,9316.08,4625.68,6985.42,794
493,51,2015-07-07,2588.37,7644.99,6646.91,5886.12,839
494,6,2007-09-29,6851.61,8988.82,4829.01,4905.69,220
495,15,2010-04-05,6004.79,2489.98,6036.51,8906.61,550
496,31,2009-08-15,2686.92,7654.06,4286.69,9296.97,950
497,113,2001-01-01,7136.73,8513.2,9151.08,9727.53,621
498,134,2013-10-27,6036.88,8113.44,5812.64,7197.05,879
499,42,2020-03-18,5390.83,4651.95,3164.46,6619.7,601
500,15,2006-10-14,7006.49,6093.67,7279.91,5777.26,68
501,27,2012-07-13,6391.39,5997.74,2964.81,8076.84,169
502,19,2009-08-25,4912.72,1886.96,9542.25,8501.79,505
503,88,2006-08-19,3603.91,269.52,3584.76,4741.34,690
504,143,2009-05-20,5554.36,4756.95,6635.94,5890.97,573
505,44,2008-05-16,2977.08,5464.74,7494.91,5655.67,942
506,82,2009-04-07,4930.31,638.87,7940.62,9184.26,521
507,4,2022-03-19,3654.27,3885.81,6781.41,3357.97,243
508,112,2011-07-08,8426.26,8559.55,8641.9,9850.06,384
509,5,2023-01-04,2896.64,9727.36,9152.09,9974.04,174
510,143,2021-12-15,5616.99,6604.55,6659.84,5446.78,326
511,132,2017-03-26,8703.47,6122.83,5477.87,2770.43,527
512,84,2009-11-02,8354.23,1292.18,3743.48,7341.7,157
513,105,2003-04-04,8133.81,3076.18,9773.63,4339.85,980
514,81,2022-01-14,4936.72,667.17,7901.22,3860.51,351
515,77,2001-10-27,4377.65,3715.34,6958.08,6913.68,889
516,80,2005-08-02,4015.85,3166.33,7586.12,4576.07,619
517,34,2000-08-19,6690.08,1108.21,5622.69,3087.16,416
518,63,2016-05-18,8343.66,3924.32,6961.2,4346.16,241
519,90,2023-07-02,3314.55,4847.86,2836.39,8994.41,431
520,32,2013-01-30,4969.08,9950.43,6799.07,2606.73,303
521,22,2009-07-16,3282.49,7570.51,9316.99,6553.39,398
522,2,2020-05-10,4528.42,7830.92,3148.47,8942.93,367
523,39,2021-03-30,4759.47,4570.9,6950.04,2762.92,689
524,148,2019-11-02,4235.22,3840.85,8967.49,6755.31,573
525,147,2009-07-07,6202.51,2393.79,5499.51,2590.8,672
526,87,2016-09-13,7639.14,1070.7,7867.45,4634.21,587
527,30,2008-05-22,7837.47,3482.39,6730.57,9697.58,343
528,70,2014-01-05,2634.67,5970.33,9544.47,6709.09,742
529,110,2008-08-07,5656.32,4412.65,8779.02,7106.22,877
530,139,2013-11-08,8008.33,3671.06,8006.76,8599.27,647
531,130,2024-01-31,2649.58,1067.04,8788.52,6240.59,464
532,79,2010-08-29,7625.22,3985.12,8136.66,7165.92,822
533,120,2014-07-07,7809.38,6060.23,3348.29,5119.41,465
534,94,2015-03-09,9374.7,6000.06,7936.05,5216.27,77
535,22,2004-01-13,5526.51,8556.8,8924.71,9706.12,351
536,102,2005-12-26,6058.08,2566.15,5453.15,4036.93,951
537,7,2004-10-26,8543.77,5493.26,5183.9,6595.55,367
538,7,2004-03-16,6979.36,7178.7,5060.35,6160.95,258
539,131,2005-07-21,2867.03,5500.29,6733.26,9856.33,583
540,14,2023-03-23,9618.27,5559.62,9791.86,8608.06,345
541,60,2004-10-16,5520.66,2292.15,9787.11,6868.15,660
542,66,2017-10-28,6765.01,6220.4,7866.83,9436.68,994
543,73,2001-04-26,5725.88,4169.49,4927.74,3777.73,13
544,88,2015-05-13,8040.14,2047.87,8264.2,9805.08,539
545,139,2002-10-10,2602.99,8591.89,3023.86,7399.52,518
546,87,2017-01-04,9409.87,657.98,9418.39,4184.28,749
547,60,2021-01-17,7150.71,2249.93,6689.64,5942.98,124
548,14,2005-04-08,5425.1,6909.38,8370.37,8844.73,769
549,9,2013-12-20,2832.09,1740.41,4927.35,8823.7,669
550,114,2016-06-25,2576.64,8813.91,3139.62,4545.88,600
551,108,2012-09-30,8529.36,1091.35,5025.11,7267.46,478
552,45,2011-02-22,6571.01,3481.16,3631.37,6222.01,424
553,108,2024-02-16,8048.39,9065.07,5008.02,5616.27,521
554,26,2005-07-11,4166.2,6356.71,8970.35,2928.14,258
555,88,2010-01-31,6568.21,70.13,4649.28,3069.24,954
556,106,2010-12-08,7540.15,183.01,8149.01,6223.55,983
557,125,2011-05-15,5469.02,5239.13,4094.99,7864.49,904
558,11,2012-05-02,8731.04,1134.6,7899.99,7794.95,776
559,104,2003-01-10,4715.85,7539.58,3378.3,6203.53,638
560,3,2001-10-27,5957.72,3114.75,8430.39,9652.79,527
561,109,2003-10-22,9120.24,5759.73,6363.63,7936.66,255
562,68,2020-11-03,9652.8,689.52,5611.68,2793.64,41
563,132,2014-03-17,3564.1,2508.95,9843.36,5995.91,104
564,24,2009-03-31,2573.1,5223.42,5488.77,8093.31,626
565,4,2023-07-28,5300.0,904.01,4846.83,3256.34,250
566,57,2010-08-20,4193.23,3887.55,9577.98,3337.44,47
567,72,2017-12-02,8846.73,7705.88,3509.92,6287.48,953
568,148,2010-09-12,5662.1,3330.04,4200.68,3132.15,384
569,95,2015-08-06,4890.59,892.85,9348.3,4909.31,22
570,101,2015-12-01,6732.08,531.01,4659.55,3758.05,211
571,56,2006-08-11,8656.84,4891.81,2612.49,8473.03,393
572,134,2021-09-10,3978.17,8152.76,7083.38,3254.24,676
573,59,2022-10-08,6830.18,2152.7,6665.54,2981.49,268
574,5,2005-12-04,7760.9,1462.4,9472.17,7480.1,695
575,13,2009-06-05,9247.75,7748.49,3854.87,5131.88,477
576,142,2013-05-02,4320.69,9253.76,9427.94,9787.09,567
577,117,2010-05-01,4434.53,3969.81,2826.4,3547.99,906
578,20,2017-05-20,3133.37,5214.64,7501.18,8757.0,16
579,118,2013-02-10,4144.65,6137.36,6325.01,7101.44,252
580,58,2012-06-30,5533.92,6162.59,8484.29,2942.57,536
581,90,2001-03-26,4819.31,1126.32,8075.53,5559.47,812
582,40,2012-07-10,5720.98,1641.68,9334.64,3815.84,42
583,3,2017-07-20,5336.97,5816.36,3944.89,9228.3,695
584,91,2020-06-09,7812.19,3219.3,3922.11,6644.26,372
585,61,2011-07-07,3124.48,68.19,6207.34,3253.88,279
586,114,2007-07-12,6961.85,6392.81,6801.21,8024.37,195
587,12,2017-05-08,5753.07,9292.14,2929.15,5122.47,334
588,112,2008-07-28,8767.61,6710.79,6210.48,6664.7,872
589,11,2002-10-04,4000.37,8593.68,6944.05,5533.29,581
590,40,2002-11-30,9622.74,87.85,7173.0,7876.56,219
591,133,2017-08-16,5181.15,8221.97,2777.23,5682.2,728
592,42,2021-01-01,3666.23,4738.51,5606.98,8903.69,781
593,50,2002-07-25,2866.34,3502.25,4410.31,4281.25,906
594,134,2022-10-01,2989.93,8404.9,6023.76,4104.65,939
595,110,2013-02-04,8319.5,4046.87,3730.54,4818.14,259
596,5,2000-11-27,8197.95,9900.51,5005.77,5539.49,437
597,102,2009-11-19,6752.15,5052.59,9331.33,7213.02,652
598,103,2018-05-27,4908.76,8487.26,6065.01,3667.02,510
599,55,2020-01-29,6680.53,3308.36,4803.55,5993.94,385
600,147,2002-10-25,8399.27,6159.79,3354.76,2824.14,443
601,70,2016-11-28,9556.27,7086.87,4031.17,9978.91,874
602,103,2003-02-03,7778.29,5680.02,9064.23,7282.48,492
603,47,2020-06-27,9276.1,7653.29,2952.69,7686.1,580
604,121,2010-07-31,4366.62,916.26,5275.28,9547.38,459
605,106,2004-07-14,8679.18,478.82,4738.0,6695.56,864
606,57,2009-09-30,4526.23,6304.52,7808.32,3474.54,345
607,82,2012-11-27,6388.46,5723.31,8462.18,7510.12,528
608,150,2018-05-05,2569.67,1071.66,5832.48,6656.2,800
609,40,2017-04-03,6822.04,8221.76,8786.54,9248.72,652
610,105,2005-08-20,9124.04,5678.75,7915.69,9923.31,700
611,139,2006-01-30,5983.45,9900.7,7547.93,7346.86,181
612,117,2015-12-16,7255.21,1069.13,5169.28,4592.93,919
613,19,2007-12-17,6173.79,5127.63,4974.62,4012.07,114
614,126,2020-07-12,4603.05,5723.55,7609.79,4565.53,853
615,20,2004-07-20,2782.19,5737.99,7361.33,4792.34,119
616,126,2015-05-19,6018.6,3913.39,7274.4,3786.52,31
617,59,2001-05-12,9163.52,3195.74,8844.28,7730.46,492
618,71,2024-10-21,4868.54,8051.4,6077.58,7161.9,669
619,45,2006-05-23,3095.52,1095.04,9138.98,2884.1,946
620,140,2003-08-06,3929.98,9379.77,7918.6,6422.29,842
621,125,2002-12-12,5614.32,8166.94,6224.63,2606.22,637
622,67,2003-07-15,6741.69,1952.39,7069.13,7316.01,890
623,57,2000-05-02,3485.91,3717.71,3879.39,6101.14,533
624,11,2016-09-05,5095.77,3840.96,6296.41,9103.48,77
625,140,2013-02-12,8331.92,1841.48,7355.45,9792.86,669
626,31,2020-05-22,8992.98,4322.85,4246.47,4765.56,11
627,82,2022-11-23,6124.03,1345.14,8735.47,9521.77,435
628,43,2014-05-24,7188.42,417.49,4812.7,5410.79,446
629,120,2016-05-19,6683.7,1622.64,4405.6,9936.62,898
630,81,2005-02-22,9141.33,5599.94,5881.75,9138.52,957
631,47,2007-04-02,4339.95,1685.02,6746.57,6830.83,734
632,134,2003-03-08,5140.16,2185.65,9191.98,2593.48,825
633,117,2024-04-21,7160.27,115.15,3928.76,5760.2,480
634,49,2004-08-02,8246.13,962.71,9089.9,4567.61,111
635,87,2011-05-15,7486.73,5804.07,3205.12,4411.37,237
636,123,2023-09-07,2768.39,1426.37,2590.81,9575.45,334
637,113,2014-06-21,8717.42,3531.43,5634.34,7172.68,70
638,143,2011-02-03,9815.16,6727.78,9021.68,7032.41,508
639,77,2022-03-26,2933.21,8993.66,8849.04,2900.03,415
640,143,2016-09-09,6462.3,5925.74,8015.33,9970.2,570
641,5,2016-01-08,2839.29,9872.13,8548.89,8118.55,954
642,54,2005-12-16,7039.42,1953.74,4584.32,3047.2,394
643,139,2017-09-16,3365.91,4348.21,3177.11,8241.22,293
644,145,2006-02-17,6524.95,8234.73,8829.3,4748.38,271
645,123,2003-03-07,2808.84,969.4,6217.87,6275.73,429
646,2,2021-12-27,5551.49,9670.2,8975.75,7892.11,80
647,84,2012-11-26,4275.35,8299.91,5490.98,8668.94,712
648,6,2013-05-10,9834.72,3213.78,3949.36,4124.53,998
649,2,2016-08-01,9251.1,7029.71,8881.55,5516.45,94
650,5,2017-04-18,9680.91,1991.99,3537.04,8184.04,511
651,93,2002-02-11,3083.4,2471.25,8209.65,8416.06,323
652,66,2021-09-18,2739.84,8673.34,8368.59,4994.25,689
653,47,2014-09-10,9764.66,2081.75,8412.96,3724.69,187
654,77,2010-05-25,9129.04,8702.61,4785.6,5082.6,176
655,51,2009-07-02,8339.49,8564.12,3456.79,8931.36,341
656,59,2010-05-24,8390.99,4833.61,3922.83,8207.89,306
657,17,2018-09-01,7761.2,6146.34,6071.35,7391.44,616
658,142,2011-11-19,5993.58,8814.62,2678.88,8153.31,26
659,58,2012-09-27,2559.69,7204.01,4519.34,2698.11,926
660,120,2007-04-10,5744.47,2288.15,5729.28,2777.97,619
661,83,2017-03-28,3151.91,3965.84,3752.79,2745.08,413
662,105,2005-05-23,5684.61,5761.63,7232.94,5642.35,670
663,116,2002-10-21,4588.24,2626.93,3345.14,9729.87,99
664,147,2024-03-01,7311.24,2691.22,3878.37,5493.25,888
665,40,2007-07-18,6672.2,5321.74,2857.9,9966.17,268
666,88,2006-05-31,4738.55,7579.92,8924.22,2966.46,917
667,136,2009-09-22,8843.53,2486.62,7961.64,4525.06,540
668,117,2000-03-16,5686.91,6631.94,7702.2,8573.96,728
669,70,2004-05-10,4506.92,4548.92,6844.06,7185.3,125
670,15,2020-12-11,7926.28,7269.43,6218.23,3178.16,337
671,144,2008-06-05,4721.18,3234.54,6553.56,4137.43,123
672,138,2024-02-25,8392.88,1906.68,3716.18,5571.92,434
673,19,2002-09-23,2850.74,5826.52,5685.09,2816.64,214
674,111,2006-02-05,3137.59,9406.21,6322.61,8049.22,718
675,94,2017-05-12,6175.13,5227.86,9615.76,4081.53,59
676,15,2001-12-08,7679.9,4116.0,4980.55,6899.97,886
677,19,2022-01-29,8679.49,4089.62,7342.23,4933.1,869
678,19,2019-03-07,5559.65,6943.34,8691.6,3457.36,302
679,57,2002-11-02,8079.0,2721.0,7240.28,7899.76,400
680,137,2008-04-23,6639.39,9467.14,7923.1,5664.67,254
681,136,2007-10-17,2545.63,8283.04,9156.79,9757.09,948
682,75,2009-02-28,6938.57,5258.76,7793.64,7294.67,130
683,144,2011-11-04,8225.36,2878.46,8288.55,3842.76,342
684,79,2002-12-01,8638.99,680.26,7081.3,7404.38,349
685,112,2006-12-09,9540.89,8941.19,7368.85,3615.96,255
686,7,2021-07-06,6607.59,3747.46,7667.58,8106.27,35
687,90,2024-06-24,2960.97,7635.2,9159.28,3934.78,189
688,5,2001-01-14,2561.6,2905.33,3150.59,4862.16,771
689,14,2001-08-11,3380.61,8935.99,9325.59,7186.57,745
690,119,2015-01-04,7763.01,7141.11,8035.22,8333.5,452
691,105,2014-11-13,8825.11,6039.86,8464.92,6919.39,941
692,122,2021-08-29,5268.17,8765.71,2863.03,4602.83,344
693,39,2022-03-20,4021.88,1966.69,3791.14,4443.89,568
694,65,2018-02-02,9669.16,9289.37,8327.64,5610.0,114
695,27,2015-02-11,7767.55,2703.84,3982.18,2785.82,423
696,141,2016-07-31,8331.53,7545.64,9124.47,9691.27,849
697,68,2024-11-15,6730.87,6947.03,3856.16,9769.27,101
698,29,2022-04-02,3891.62,1090.24,9258.44,8152.23,938
699,111,2010-03-05,6007.39,7484.23,6626.85,7591.71,278
700,13,2005-05-30,3246.4,9028.83,2745.11,3229.35,596
701,112,2001-08-20,4589.16,1331.31,7807.49,3936.93,445
702,91,2010-05-15,3850.34,5066.99,3316.14,2958.33,668
703,68,2017-08-21,9520.45,8259.94,9227.7,5953.64,896
704,71,2010-02-24,2593.28,221.6,5598.87,9738.04,421
705,34,2019-02-23,9515.74,7756.28,5668.42,6897.52,325
706,100,2016-07-26,5987.55,3525.18,8661.24,8601.98,298
707,121,2001-07-16,2608.92,1925.63,5113.53,4491.86,749
708,82,2000-05-28,2911.43,4711.01,4410.47,9007.2,889
709,58,2019-07-29,5867.58,8595.73,6817.56,3129.54,913
710,47,2021-02-10,2716.69,7296.29,2727.51,2632.05,397
711,114,2000-07-15,2749.04,831.54,8407.38,4484.1,667
712,107,2018-08-01,8955.53,7696.16,6957.94,3614.12,166
713,11,2011-06-15,9570.94,226.16,8243.27,3692.93,249
714,43,2004-02-11,6853.49,100.13,4436.93,6060.82,438
715,127,2018-04-06,7438.17,4763.98,8442.57,5003.81,396
716,29,2013-06-29,4191.08,5178.66,4778.56,5968.0,741
717,45,2013-03-17,7312.48,6322.99,7468.68,2714.12,708
718,41,2000-09-24,6722.12,9096.18,7827.7,7289.03,681
719,41,2007-05-10,8223.43,7170.42,3167.92,4111.19,783
720,46,2006-08-26,8215.4,9685.05,5205.25,9920.9,453
721,74,2008-06-20,6256.58,5570.44,4889.28,6702.12,631
722,10,2000-05-09,3126.47,911.66,5090.48,2505.56,206
723,2,2003-06-11,8704.96,6109.44,7478.7,2967.1,154
724,146,2013-04-09,9634.6,2925.61,9557.75,9231.9,414
725,131,2000-07-20,2952.87,4038.77,2879.31,7038.5,189
726,78,2004-12-16,3162.93,6877.04,8448.27,2814.6,372
727,68,2008-12-01,6134.09,8214.86,6724.37,7413.69,134
728,23,2017-02-10,5308.8,9532.23,2736.86,7411.13,74
729,133,2005-10-13,4164.63,4332.43,5466.46,8803.5,191
730,25,2000-10-06,3630.15,180.36,4710.29,9634.27,403
731,67,2018-02-06,5020.31,222.78,9355.23,4862.05,949
732,41,2005-07-12,3140.07,8720.78,5795.53,8835.47,318
733,93,2009-06-01,6936.7,6421.98,4210.95,8421.97,530
734,129,2010-04-14,5287.11,3269.25,3334.95,7833.26,902
735,112,2010-02-07,4427.93,4826.16,4316.06,7211.16,345
736,116,2004-05-28,9493.05,8064.63,5545.35,9295.16,103
737,118,2005-12-20,6756.11,3630.87,2723.21,4097.94,478
738,87,2003-12-01,4899.38,1695.12,7431.44,3205.56,37
739,69,2014-01-20,5915.78,194.95,7988.83,2638.98,416
740,97,2016-02-11,7465.81,1737.41,8523.61,8605.91,93
741,99,2023-06-28,4408.05,3176.17,9312.96,5930.21,908
742,27,2008-02-26,7765.31,7246.55,9391.06,7293.57,275
743,9,2003-05-18,8677.69,8951.87,7181.81,7462.14,122
744,68,2008-08-04,5491.15,5139.56,9827.3,4093.77,910
745,29,2013-06-22,3054.54,7020.04,4199.28,9995.98,983
746,130,2000-05-22,5851.64,1293.9,6332.26,7162.13,832
747,90,2021-06-06,8942.59,9055.81,5389.93,6789.91,256
748,73,2018-07-13,5448.05,9396.86,9835.05,6826.05,85
749,23,2022-01-07,4586.82,109.61,8648.58,8560.34,415
750,91,2010-08-06,9208.46,3409.21,3400.72,3424.35,923
